flight_id,airline_name,aircraft_type,flight_type,flight_status,pilot_name,flight_duration_hours,distance_km,ticket_price_usd,passenger_count,delay_minutes,departure_date,arrival_date
FL1000,IslandJet,ATR 72,Domestic,On-Time,Capt. Paolo Reyes,13.56,2395.2,273.01,267,0,2026-04-12 00:00,2026-04-12 13:33
FL1001,TransIsle Air,Airbus A330,International,On-Time,Capt. Victor Flores,3.56,3851.5,1505.62,272,0,2026-03-29 00:00,2026-03-29 03:33
FL1002,IslandJet,Boeing 737,Domestic,On-Time,Capt. Maria Ramos,5.73,2518.9,57.92,306,0,2026-03-28 00:00,2026-03-28 05:43
FL1003,IslandJet,Airbus A330,Domestic,Delayed,Capt. Ramon Ramos,9.48,1806.6,246.0,178,77,2026-04-08 00:00,2026-04-08 09:28
FL1004,SkyLink Air,Boeing 777,Domestic,On-Time,Capt. Ella Castillo,6.86,6776.6,578.43,219,0,2026-04-04 00:00,2026-04-04 06:51
FL1005,SkyLink Air,Boeing 737,International,On-Time,Capt. Nina Ramos,6.4,2922.2,147.32,328,0,2026-04-02 00:00,2026-04-02 06:24
FL1006,SkyLink Air,Airbus A330,International,On-Time,Capt. Maria Flores,4.46,4965.7,1473.61,259,0,2026-03-23 00:00,2026-03-23 04:27
FL1007,PacificWing Airlines,Boeing 777,Domestic,Delayed,Capt. Paolo Ramos,0.81,2061.1,924.33,357,33,2026-03-24 00:00,2026-03-24 00:48
FL1008,SkyLink Air,Boeing 737,Domestic,On-Time,Capt. Maria Ramos,9.9,4437.5,198.83,246,0,2026-03-19 00:00,2026-03-19 09:54
FL1009,AeroNova,Boeing 777,Domestic,Delayed,Capt. Carlos Reyes,13.49,9378.2,1303.14,368,41,2026-03-25 00:00,2026-03-25 13:29
FL1010,AeroNova,Airbus A330,Domestic,On-Time,Capt. Carlos Torres,4.18,2548.0,581.95,311,0,2026-04-08 00:00,2026-04-08 04:10
FL1011,IslandJet,Airbus A330,Domestic,Delayed,Capt. Paolo Ramos,2.89,7583.6,1070.09,54,19,2026-04-01 00:00,2026-04-01 02:53
FL1012,IslandJet,Airbus A320,Domestic,Delayed,Capt. Victor Santos,1.64,1862.6,226.47,138,204,2026-04-04 00:00,2026-04-04 01:38
FL1013,TransIsle Air,Airbus A330,Domestic,Delayed,Capt. Paolo Garcia,2.8,420.2,1727.27,232,147,2026-03-20 00:00,2026-03-20 02:48
FL1014,AeroNova,Boeing 737,Domestic,On-Time,Capt. Ella Bautista,11.07,11263.2,1048.38,215,0,2026-03-27 00:00,2026-03-27 11:04
FL1015,BlueHorizon Airways,Airbus A330,Domestic,On-Time,Capt. Ramon Diaz,4.1,9941.6,1617.76,27,0,2026-03-29 00:00,2026-03-29 04:06
FL1016,SkyLink Air,Boeing 777,Domestic,On-Time,Capt. Maria Ramos,7.98,7964.2,1320.88,357,0,2026-03-31 00:00,2026-03-31 07:58
FL1017,PacificWing Airlines,Boeing 737,Domestic,Delayed,Capt. Ella Cruz,1.95,4545.4,1501.28,185,234,2026-04-07 00:00,2026-04-07 01:57
FL1018,BlueHorizon Airways,Boeing 737,Domestic,Cancelled,Capt. Carlos Torres,4.78,11242.1,333.89,112,0,2026-04-09 00:00,2026-04-09 04:46
FL1019,SkyLink Air,Airbus A320,International,Cancelled,Capt. Carlos Torres,6.37,10705.9,1613.0,61,0,2026-03-31 00:00,2026-03-31 06:22
FL1020,BlueHorizon Airways,Airbus A330,Domestic,Delayed,Capt. Paolo Reyes,4.77,8999.5,505.62,21,90,2026-03-31 00:00,2026-03-31 04:46
FL1021,SkyLink Air,ATR 72,Domestic,On-Time,Capt. Carlos Reyes,3.75,7252.7,1579.86,84,0,2026-04-13 00:00,2026-04-13 03:45
FL1022,PacificWing Airlines,ATR 72,Domestic,Delayed,Capt. Nina Ramos,4.69,315.1,448.05,71,59,2026-03-16 00:00,2026-03-16 04:41
FL1023,SkyLink Air,Boeing 737,International,On-Time,Capt. Ella Bautista,9.65,7036.2,395.61,331,0,2026-03-23 00:00,2026-03-23 09:39
FL1024,SkyLink Air,Airbus A330,International,Delayed,Capt. Maria Torres,10.16,4861.3,573.16,67,200,2026-04-08 00:00,2026-04-08 10:09
FL1025,BlueHorizon Airways,Boeing 737,International,Cancelled,Capt. Ella Bautista,9.45,6729.1,1157.63,28,0,2026-03-30 00:00,2026-03-30 09:27
FL1026,SkyLink Air,Airbus A320,Domestic,On-Time,Capt. Maria Flores,2.39,11206.3,1456.65,175,0,2026-04-10 00:00,2026-04-10 02:23
FL1027,BlueHorizon Airways,Airbus A320,International,On-Time,Capt. Anna Diaz,11.09,2906.8,976.5,306,0,2026-03-29 00:00,2026-03-29 11:05
FL1028,BlueHorizon Airways,Boeing 737,Domestic,On-Time,Capt. Nina Ramos,12.21,5196.7,1189.14,366,0,2026-04-01 00:00,2026-04-07 12:12
FL1029,PacificWing Airlines,Boeing 737,International,On-Time,Capt. Nina Garcia,6.63,1397.5,161.81,313,0,2026-04-10 00:00,2026-04-10 06:37
FL1030,PacificWing Airlines,Boeing 737,Domestic,Delayed,Capt. Carlos Torres,2.47,2111.6,544.68,351,148,2026-03-29 00:00,2026-03-29 02:28
FL1031,SkyLink Air,Boeing 777,Domestic,On-Time,Capt. Ella Cruz,2.06,782.6,1082.46,205,0,2026-04-01 00:00,2026-04-01 02:03
FL1032,TransIsle Air,Airbus A330,International,On-Time,Capt. Jose Bautista,5.81,665.2,363.53,326,0,2026-04-05 00:00,2026-04-05 05:48
FL1033,PacificWing Airlines,ATR 72,Domestic,Delayed,Capt. Nina Ramos,3.87,4577.3,964.19,341,64,2026-04-11 00:00,2026-04-11 03:52
FL1034,AeroNova,ATR 72,Domestic,On-Time,Capt. Nina Garcia,11.75,10846.4,1764.15,323,0,2026-03-18 00:00,2026-03-18 11:45
FL1035,IslandJet,Boeing 777,Domestic,On-Time,Capt. Jose Bautista,11.02,6502.4,947.46,368,0,2026-03-24 00:00,2026-03-24 11:01
FL1036,IslandJet,Boeing 777,Domestic,On-Time,Capt. Ella Cruz,6.75,5812.8,776.64,70,0,2026-04-10 00:00,2026-04-10 06:45
FL1037,PacificWing Airlines,Boeing 777,Domestic,On-Time,Capt. Jose Cruz,5.46,8276.1,566.02,305,0,2026-04-02 00:00,2026-04-02 05:27
FL1038,IslandJet,Boeing 737,Domestic,On-Time,Capt. Ella Reyes,12.87,7883.2,1456.71,325,0,2026-04-13 00:00,2026-04-13 12:52
FL1039,BlueHorizon Airways,Airbus A320,Domestic,On-Time,Capt. Paolo Ramos,9.04,8383.4,1555.56,350,0,2026-04-01 00:00,2026-04-01 09:02
FL1040,BlueHorizon Airways,Boeing 777,Domestic,On-Time,Capt. Ramon Santos,8.79,1778.3,1727.83,356,0,2026-03-19 00:00,2026-03-19 08:47
FL1041,TransIsle Air,Boeing 777,International,Delayed,Capt. Grace Santos,8.51,7142.4,211.81,111,195,2026-03-20 00:00,2026-03-20 08:30
FL1042,BlueHorizon Airways,Airbus A320,Domestic,On-Time,Capt. Ella Castillo,2.81,6343.2,1385.69,351,0,2026-04-04 00:00,2026-03-31 02:48
FL1043,SkyLink Air,ATR 72,Domestic,On-Time,Capt. Jose Bautista,7.14,1189.4,1199.55,62,0,2026-04-08 00:00,2026-04-08 07:08
FL1044,AeroNova,Boeing 777,International,On-Time,Capt. Anna Flores,10.95,9186.0,519.79,306,0,2026-04-06 00:00,2026-04-06 10:57
FL1045,TransIsle Air,Airbus A320,International,On-Time,Capt. Ramon Santos,4.74,4692.3,1325.6,177,0,2026-03-26 00:00,2026-03-26 04:44
FL1046,BlueHorizon Airways,Airbus A330,Domestic,Delayed,Capt. Victor Flores,13.14,8655.5,1714.35,375,139,2026-03-20 00:00,2026-03-20 13:08
FL1047,SkyLink Air,Airbus A320,Domestic,On-Time,Capt. Maria Torres,11.98,8280.2,66.59,54,0,2026-03-28 00:00,2026-03-28 11:58
FL1048,TransIsle Air,Airbus A330,Domestic,On-Time,Capt. Anna Garcia,11.64,11033.5,1416.17,128,0,2026-03-29 00:00,2026-03-29 11:38
FL1049,IslandJet,Boeing 737,International,Delayed,Capt. Ella Cruz,13.96,11989.4,1213.28,58,39,2026-03-31 00:00,2026-03-31 13:57
FL1050,TransIsle Air,Airbus A320,Domestic,Delayed,Capt. Ramon Ramos,1.72,9354.7,392.85,71,161,2026-03-19 00:00,2026-03-19 01:43
FL1051,TransIsle Air,Airbus A320,Domestic,On-Time,Capt. Anna Garcia,9.36,7330.2,1451.6,366,0,2026-03-15 00:00,2026-03-15 09:21
FL1052,IslandJet,ATR 72,International,On-Time,Capt. Maria Torres,11.97,8422.7,1515.66,297,0,2026-03-22 00:00,2026-03-22 11:58
FL1053,SkyLink Air,Boeing 777,International,On-Time,Capt. Ella Bautista,3.22,7615.6,1538.74,181,0,2026-04-03 00:00,2026-03-28 03:13
FL1054,SkyLink Air,Boeing 737,International,On-Time,Capt. Ramon Santos,10.42,7396.8,140.65,372,0,2026-03-19 00:00,2026-03-19 10:25
FL1055,AeroNova,Boeing 777,Domestic,Delayed,Capt. Paolo Reyes,1.07,2324.9,1764.95,53,153,2026-03-17 00:00,2026-03-17 01:04
FL1056,AeroNova,ATR 72,Domestic,On-Time,Capt. Ella Castillo,11.09,11360.4,573.86,170,0,2026-04-02 00:00,2026-04-02 11:05
FL1057,AeroNova,ATR 72,Domestic,On-Time,Capt. Ramon Ramos,9.95,4937.8,877.17,203,0,2026-04-01 00:00,2026-04-01 09:57
FL1058,SkyLink Air,Airbus A320,Domestic,On-Time,Capt. Jose Cruz,2.31,7390.2,1158.77,369,0,2026-03-19 00:00,2026-03-19 02:18
FL1059,TransIsle Air,Airbus A330,Domestic,On-Time,Capt. Carlos Torres,6.02,5108.0,877.1,32,0,2026-03-27 00:00,2026-03-27 06:01
FL1060,PacificWing Airlines,Airbus A330,Domestic,On-Time,Capt. Maria Ramos,8.23,7881.3,599.96,108,0,2026-03-19 00:00,2026-03-19 08:13
FL1061,BlueHorizon Airways,Boeing 777,Domestic,On-Time,Capt. Ella Reyes,7.91,8880.0,1600.64,204,0,2026-04-08 00:00,2026-04-08 07:54
FL1062,TransIsle Air,Boeing 737,Domestic,On-Time,Capt. Jose Bautista,7.3,10073.0,912.22,34,0,2026-03-18 00:00,2026-03-18 07:18
FL1063,SkyLink Air,Airbus A320,Domestic,Delayed,Capt. Ramon Diaz,1.47,2200.0,595.88,43,199,2026-03-18 00:00,2026-03-18 01:28
FL1064,TransIsle Air,Airbus A330,Domestic,Delayed,Capt. Paolo Reyes,0.7,7270.0,255.03,202,173,2026-04-07 00:00,2026-04-07 00:42
FL1065,AeroNova,Boeing 777,Domestic,Cancelled,Capt. Carlos Reyes,13.44,8509.1,725.66,267,0,2026-03-26 00:00,2026-03-26 13:26
FL1066,BlueHorizon Airways,Boeing 777,Domestic,On-Time,Capt. Ramon Santos,0.64,2116.0,1512.71,351,0,2026-04-12 00:00,2026-04-12 00:38
FL1067,TransIsle Air,Boeing 777,Domestic,Delayed,Capt. Maria Torres,8.01,4802.0,185.49,320,195,2026-04-14 00:00,2026-04-14 08:00
FL1068,TransIsle Air,Airbus A320,Domestic,On-Time,Capt. Anna Diaz,6.36,679.1,453.66,346,0,2026-04-07 00:00,2026-04-07 06:21
FL1069,PacificWing Airlines,Boeing 777,Domestic,On-Time,Capt. Ella Bautista,7.12,3037.5,1525.5,327,0,2026-03-20 00:00,2026-03-20 07:07
FL1070,IslandJet,Boeing 777,Domestic,On-Time,Capt. Paolo Ramos,9.26,6543.4,638.99,151,0,2026-04-03 00:00,2026-04-03 09:15
FL1071,IslandJet,ATR 72,Domestic,Delayed,Capt. Nina Ramos,7.01,7107.4,1537.23,347,205,2026-04-12 00:00,2026-04-12 07:00
FL1072,AeroNova,Airbus A330,Domestic,On-Time,Capt. Grace Santos,7.23,11020.5,1152.11,160,0,2026-03-26 00:00,2026-03-26 07:13
FL1073,PacificWing Airlines,Airbus A320,International,On-Time,Capt. Maria Ramos,5.07,3794.3,1095.33,181,0,2026-03-20 00:00,2026-03-20 05:04
FL1074,BlueHorizon Airways,Boeing 777,International,Delayed,Capt. Jose Bautista,4.25,5808.4,1381.31,243,16,2026-04-01 00:00,2026-04-01 04:15
FL1075,TransIsle Air,Boeing 777,Domestic,Delayed,Capt. Jose Bautista,10.23,1502.1,1330.39,311,111,2026-04-04 00:00,2026-04-04 10:13
FL1076,AeroNova,ATR 72,International,On-Time,Capt. Maria Diaz,7.97,8845.0,1361.22,123,0,2026-03-28 00:00,2026-03-28 07:58
FL1077,AeroNova,Airbus A330,Domestic,On-Time,Capt. Carlos Reyes,2.17,11828.7,861.03,137,0,2026-04-03 00:00,2026-04-03 02:10
FL1078,SkyLink Air,Boeing 737,International,Delayed,Capt. Ramon Santos,6.06,11107.7,1488.63,105,161,2026-04-14 00:00,2026-04-14 06:03
FL1079,AeroNova,Airbus A320,International,On-Time,Capt. Carlos Reyes,5.53,9318.6,1563.88,276,0,2026-03-16 00:00,2026-03-16 05:31
FL1080,IslandJet,ATR 72,Domestic,On-Time,Capt. Anna Diaz,11.31,10318.8,52.9,362,0,2026-04-06 00:00,2026-04-06 11:18
FL1081,IslandJet,Airbus A330,International,On-Time,Capt. Paolo Garcia,9.64,2966.3,1541.63,261,0,2026-03-30 00:00,2026-03-30 09:38
FL1082,AeroNova,Boeing 777,Domestic,On-Time,Capt. Ella Castillo,12.02,3406.7,1600.91,331,0,2026-03-31 00:00,2026-03-31 12:01
FL1083,AeroNova,Boeing 777,International,On-Time,Capt. Ramon Santos,1.64,3661.9,760.94,379,0,2026-03-20 00:00,2026-03-20 01:38
FL1084,SkyLink Air,ATR 72,Domestic,Cancelled,Capt. Maria Ramos,8.26,4799.6,1651.35,99,0,2026-03-31 00:00,2026-03-31 08:15
FL1085,SkyLink Air,Airbus A320,Domestic,On-Time,Capt. Ramon Santos,2.31,5521.4,1158.62,26,0,2026-03-30 00:00,2026-03-30 02:18
FL1086,AeroNova,ATR 72,Domestic,Cancelled,Capt. Carlos Reyes,6.18,3521.8,1619.23,159,0,2026-04-11 00:00,2026-04-11 06:10
FL1087,BlueHorizon Airways,ATR 72,Domestic,Delayed,Capt. Carlos Reyes,4.89,7893.3,570.42,327,83,2026-03-22 00:00,2026-03-22 04:53
FL1088,AeroNova,ATR 72,Domestic,On-Time,Capt. Ella Cruz,4.85,9534.9,1420.61,222,0,2026-03-22 00:00,2026-03-22 04:51
FL1089,AeroNova,Airbus A330,International,Cancelled,Capt. Maria Ramos,6.93,10845.3,1427.22,189,0,2026-04-03 00:00,2026-04-03 06:55
FL1090,AeroNova,Boeing 777,International,On-Time,Capt. Jose Bautista,8.09,5280.7,107.9,204,0,2026-03-20 00:00,2026-03-20 08:05
FL1091,TransIsle Air,Airbus A320,Domestic,On-Time,Capt. Anna Diaz,1.89,5543.1,950.73,304,0,2026-04-13 00:00,2026-04-13 01:53
FL1092,BlueHorizon Airways,Boeing 737,Domestic,On-Time,Capt. Carlos Torres,1.19,2603.2,575.14,271,0,2026-03-24 00:00,2026-03-24 01:11
FL1093,AeroNova,Boeing 737,International,On-Time,Capt. Maria Torres,6.12,164.6,936.83,118,0,2026-03-30 00:00,2026-03-30 06:07
FL1094,BlueHorizon Airways,Boeing 777,International,On-Time,Capt. Ramon Santos,5.0,3971.5,470.56,113,0,2026-03-30 00:00,2026-03-30 05:00
FL1095,AeroNova,Boeing 777,International,On-Time,Capt. Jose Cruz,9.72,725.5,853.65,331,0,2026-04-12 00:00,2026-04-12 09:43
FL1096,PacificWing Airlines,Airbus A320,International,On-Time,Capt. Grace Santos,2.53,2381.6,99.9,23,0,2026-04-06 00:00,2026-04-06 02:31
FL1097,SkyLink Air,Airbus A320,Domestic,On-Time,Capt. Ella Castillo,8.87,10215.8,53.32,121,0,2026-03-19 00:00,2026-03-19 08:52
FL1098,TransIsle Air,Boeing 777,International,On-Time,Capt. Ramon Diaz,8.86,11037.7,842.57,111,0,2026-04-10 00:00,2026-04-10 08:51
FL1099,BlueHorizon Airways,Boeing 777,Domestic,On-Time,Capt. Jose Bautista,13.79,9620.7,1099.29,126,0,2026-04-14 00:00,2026-04-14 13:47
FL1100,IslandJet,Airbus A320,Domestic,On-Time,Capt. Paolo Ramos,6.09,375.6,335.43,144,0,2026-03-21 00:00,2026-03-21 06:05
FL1101,IslandJet,Boeing 737,International,Delayed,Capt. Maria Torres,10.06,1643.4,297.23,233,178,2026-04-04 00:00,2026-04-04 10:03
FL1102,IslandJet,Airbus A320,Domestic,On-Time,Capt. Maria Flores,2.83,346.5,1787.86,228,0,2026-04-04 00:00,2026-04-04 02:49
FL1103,TransIsle Air,Airbus A330,Domestic,Delayed,Capt. Ramon Santos,2.21,3387.3,133.66,180,35,2026-04-02 00:00,2026-04-02 02:12
FL1104,TransIsle Air,ATR 72,Domestic,On-Time,Capt. Ella Cruz,4.48,2890.7,1578.67,234,0,2026-04-02 00:00,2026-04-02 04:28
FL1105,PacificWing Airlines,Airbus A330,International,On-Time,Capt. Paolo Reyes,8.75,8750.4,1039.98,116,0,2026-04-10 00:00,2026-04-10 08:45
FL1106,TransIsle Air,Airbus A330,Domestic,On-Time,Capt. Anna Garcia,13.78,6314.7,760.97,306,0,2026-04-07 00:00,2026-04-07 13:46
FL1107,SkyLink Air,Airbus A320,Domestic,On-Time,Capt. Maria Ramos,12.51,11544.4,358.17,265,0,2026-04-13 00:00,2026-04-13 12:30
FL1108,PacificWing Airlines,Boeing 737,International,Delayed,Capt. Ramon Ramos,12.1,10558.6,710.24,168,69,2026-03-21 00:00,2026-03-21 12:06
FL1109,IslandJet,ATR 72,Domestic,Delayed,Capt. Ella Castillo,10.51,10862.1,1564.08,330,135,2026-03-31 00:00,2026-03-31 10:30
FL1110,AeroNova,Boeing 777,Domestic,On-Time,Capt. Victor Santos,1.85,4619.2,1307.39,372,0,2026-04-08 00:00,2026-04-08 01:51
FL1111,TransIsle Air,Boeing 737,Domestic,On-Time,Capt. Paolo Garcia,5.83,4998.3,1101.11,227,0,2026-04-12 00:00,2026-04-12 05:49
FL1112,AeroNova,Boeing 737,Domestic,On-Time,Capt. Carlos Reyes,6.81,2080.0,1246.41,67,0,2026-04-12 00:00,2026-04-12 06:48
FL1113,AeroNova,Airbus A320,International,On-Time,Capt. Grace Santos,13.39,10590.3,533.09,192,0,2026-03-16 00:00,2026-03-16 13:23
FL1114,SkyLink Air,Airbus A330,Domestic,On-Time,Capt. Maria Torres,3.01,5855.7,1728.63,36,0,2026-03-21 00:00,2026-03-21 03:00
FL1115,BlueHorizon Airways,Boeing 737,Domestic,On-Time,Capt. Anna Diaz,7.19,9212.9,1583.63,298,0,2026-03-22 00:00,2026-03-22 07:11
FL1116,AeroNova,ATR 72,Domestic,Cancelled,Capt. Nina Ramos,13.79,3757.9,1015.34,69,0,2026-04-11 00:00,2026-04-11 13:47
FL1117,SkyLink Air,Airbus A330,Domestic,On-Time,Capt. Ramon Santos,11.92,3151.1,326.35,58,0,2026-03-28 00:00,2026-03-28 11:55
FL1118,PacificWing Airlines,ATR 72,Domestic,Delayed,Capt. Paolo Reyes,8.39,9156.2,1400.48,35,181,2026-04-03 00:00,2026-04-10 08:23
FL1119,PacificWing Airlines,ATR 72,Domestic,On-Time,Capt. Paolo Reyes,13.21,10180.8,360.01,115,0,2026-03-21 00:00,2026-03-21 13:12
FL1120,AeroNova,ATR 72,International,On-Time,Capt. Paolo Ramos,6.57,10513.7,640.51,212,0,2026-04-04 00:00,2026-04-04 06:34
FL1121,PacificWing Airlines,Airbus A320,International,On-Time,Capt. Grace Santos,3.85,9361.7,953.5,339,0,2026-03-31 00:00,2026-03-31 03:51
FL1122,AeroNova,ATR 72,Domestic,On-Time,Capt. Nina Ramos,7.65,1639.1,1716.2,52,0,2026-03-23 00:00,2026-03-23 07:39
FL1123,AeroNova,Airbus A330,Domestic,On-Time,Capt. Maria Diaz,13.37,506.1,253.76,111,0,2026-03-29 00:00,2026-03-29 13:22
FL1124,TransIsle Air,Airbus A320,Domestic,On-Time,Capt. Ramon Ramos,4.84,6452.9,373.6,322,0,2026-03-19 00:00,2026-03-19 04:50
FL1125,AeroNova,ATR 72,International,Delayed,Capt. Maria Diaz,11.55,4195.4,132.94,355,98,2026-04-14 00:00,2026-04-14 11:33
FL1126,SkyLink Air,Boeing 777,International,On-Time,Capt. Nina Garcia,11.23,11096.8,813.67,96,0,2026-03-25 00:00,2026-03-25 11:13
FL1127,BlueHorizon Airways,Boeing 737,Domestic,Delayed,Capt. Ramon Diaz,0.53,5580.4,271.45,176,33,2026-03-23 00:00,2026-03-23 00:31
FL1128,SkyLink Air,ATR 72,Domestic,On-Time,Capt. Nina Ramos,9.04,5614.0,1203.21,281,0,2026-03-19 00:00,2026-03-19 09:02
FL1129,BlueHorizon Airways,Airbus A330,Domestic,Cancelled,Capt. Anna Flores,6.88,8185.4,1529.74,230,0,2026-04-04 00:00,2026-04-04 06:52
FL1130,IslandJet,Boeing 737,Domestic,Delayed,Capt. Maria Flores,6.57,7970.9,575.85,150,182,2026-03-16 00:00,2026-03-16 06:34
FL1131,AeroNova,ATR 72,International,Delayed,Capt. Ella Castillo,5.45,6180.9,1636.94,138,103,2026-04-13 00:00,2026-04-13 05:27
FL1132,IslandJet,Airbus A330,Domestic,On-Time,Capt. Anna Diaz,9.24,1236.9,1216.44,65,0,2026-04-02 00:00,2026-03-27 09:14
FL1133,BlueHorizon Airways,ATR 72,Domestic,Delayed,Capt. Jose Cruz,9.45,9371.1,1555.41,290,189,2026-03-19 00:00,2026-03-19 09:27
FL1134,TransIsle Air,Boeing 737,Domestic,On-Time,Capt. Ramon Diaz,9.52,8145.6,1642.62,122,0,2026-03-22 00:00,2026-03-22 09:31
FL1135,IslandJet,ATR 72,Domestic,Delayed,Capt. Carlos Reyes,7.82,7561.9,607.46,111,60,2026-04-06 00:00,2026-04-06 07:49
FL1136,TransIsle Air,Airbus A330,Domestic,On-Time,Capt. Anna Garcia,5.9,10520.0,1115.95,150,0,2026-04-06 00:00,2026-04-06 05:54
FL1137,PacificWing Airlines,ATR 72,Domestic,Delayed,Capt. Ramon Santos,13.14,7641.6,631.37,311,88,2026-03-28 00:00,2026-03-28 13:08
FL1138,TransIsle Air,ATR 72,International,Delayed,Capt. Maria Flores,12.82,9211.3,1383.35,57,86,2026-03-22 00:00,2026-03-22 12:49
FL1139,BlueHorizon Airways,Boeing 777,Domestic,On-Time,Capt. Jose Cruz,6.66,7093.6,764.52,112,0,2026-03-29 00:00,2026-03-29 06:39
FL1140,BlueHorizon Airways,Airbus A320,Domestic,Delayed,Capt. Ella Cruz,11.52,9600.5,1517.75,141,64,2026-03-23 00:00,2026-03-23 11:31
FL1141,SkyLink Air,Airbus A320,International,On-Time,Capt. Paolo Reyes,10.95,2432.2,315.21,29,0,2026-03-22 00:00,2026-03-22 10:57
FL1142,TransIsle Air,Boeing 777,Domestic,Delayed,Capt. Ella Cruz,8.87,9520.2,519.96,191,80,2026-03-28 00:00,2026-03-28 08:52
FL1143,IslandJet,ATR 72,Domestic,On-Time,Capt. Maria Diaz,9.46,6693.4,923.84,172,0,2026-04-11 00:00,2026-04-11 09:27
FL1144,IslandJet,Airbus A320,Domestic,Cancelled,Capt. Maria Flores,9.31,1278.1,1322.36,62,0,2026-03-24 00:00,2026-03-24 09:18
FL1145,PacificWing Airlines,Airbus A330,Domestic,On-Time,Capt. Anna Flores,4.8,4337.1,1427.0,262,0,2026-04-14 00:00,2026-04-14 04:48
FL1146,IslandJet,Boeing 737,International,On-Time,Capt. Jose Cruz,11.59,9646.5,907.16,99,0,2026-04-05 00:00,2026-04-05 11:35
FL1147,SkyLink Air,Boeing 737,Domestic,Delayed,Capt. Maria Diaz,2.44,950.1,137.68,101,221,2026-04-11 00:00,2026-04-11 02:26
FL1148,SkyLink Air,Boeing 737,International,Delayed,Capt. Victor Flores,6.39,2140.8,302.75,43,37,2026-03-15 00:00,2026-03-15 06:23
FL1149,AeroNova,ATR 72,Domestic,On-Time,Capt. Nina Ramos,11.61,8892.9,496.83,162,0,2026-04-10 00:00,2026-04-10 11:36
FL1150,IslandJet,Airbus A330,Domestic,Delayed,Capt. Nina Ramos,7.31,2619.3,1363.87,98,184,2026-03-25 00:00,2026-03-25 07:18
FL1151,SkyLink Air,Airbus A320,International,On-Time,Capt. Maria Diaz,1.66,4872.3,1783.13,327,0,2026-04-13 00:00,2026-04-13 01:39
FL1152,TransIsle Air,Boeing 737,International,On-Time,Capt. Ella Reyes,9.32,10493.4,382.49,371,0,2026-04-01 00:00,2026-03-19 09:19
FL1153,PacificWing Airlines,Boeing 737,Domestic,On-Time,Capt. Paolo Ramos,9.36,6678.3,1499.1,153,0,2026-04-03 00:00,2026-04-03 09:21
FL1154,TransIsle Air,Boeing 777,Domestic,On-Time,Capt. Paolo Garcia,0.86,5111.1,1375.13,113,0,2026-04-06 00:00,2026-04-06 00:51
FL1155,IslandJet,Boeing 777,Domestic,On-Time,Capt. Ramon Diaz,8.08,3879.8,1034.99,250,0,2026-03-18 00:00,2026-03-18 08:04
FL1156,SkyLink Air,Boeing 737,International,On-Time,Capt. Carlos Reyes,1.39,2187.7,1607.41,252,0,2026-04-04 00:00,2026-04-04 01:23
FL1157,AeroNova,Airbus A320,Domestic,Delayed,Capt. Ramon Ramos,6.93,2466.5,1237.57,230,120,2026-03-17 00:00,2026-03-17 06:55
FL1158,PacificWing Airlines,Airbus A320,Domestic,On-Time,Capt. Nina Ramos,1.84,1746.1,1554.79,84,0,2026-03-15 00:00,2026-03-15 01:50
FL1159,BlueHorizon Airways,Boeing 737,Domestic,On-Time,Capt. Ella Reyes,5.37,2583.9,1604.08,239,0,2026-03-24 00:00,2026-03-24 05:22
FL1160,TransIsle Air,Airbus A320,Domestic,On-Time,Capt. Maria Torres,1.85,1595.3,1540.93,366,0,2026-03-16 00:00,2026-03-16 01:51
FL1161,SkyLink Air,ATR 72,Domestic,On-Time,Capt. Victor Santos,11.57,3988.6,1709.87,164,0,2026-04-07 00:00,2026-04-07 11:34
FL1162,BlueHorizon Airways,ATR 72,Domestic,On-Time,Capt. Maria Flores,11.38,6000.0,1748.9,364,0,2026-03-17 00:00,2026-03-17 11:22
FL1163,AeroNova,Airbus A320,Domestic,On-Time,Capt. Victor Santos,5.87,1373.9,1565.08,89,0,2026-03-26 00:00,2026-03-26 05:52
FL1164,BlueHorizon Airways,Airbus A330,Domestic,On-Time,Capt. Nina Ramos,5.34,11132.2,1682.03,282,0,2026-03-15 00:00,2026-03-15 05:20
FL1165,TransIsle Air,Airbus A330,Domestic,On-Time,Capt. Ramon Diaz,4.95,6719.6,607.86,257,0,2026-03-27 00:00,2026-03-27 04:57
FL1166,AeroNova,Boeing 737,International,On-Time,Capt. Maria Diaz,5.61,4760.8,421.52,300,0,2026-04-14 00:00,2026-04-14 05:36
FL1167,BlueHorizon Airways,ATR 72,International,On-Time,Capt. Maria Diaz,10.7,8077.0,137.27,235,0,2026-04-01 00:00,2026-04-01 10:42
FL1168,TransIsle Air,Airbus A330,Domestic,Delayed,Capt. Paolo Garcia,5.8,8213.0,1032.48,33,227,2026-04-04 00:00,2026-04-04 05:48
FL1169,PacificWing Airlines,Airbus A330,Domestic,Delayed,Capt. Ramon Ramos,10.54,9471.8,625.41,21,20,2026-03-17 00:00,2026-03-17 10:32
FL1170,TransIsle Air,Airbus A320,Domestic,On-Time,Capt. Ramon Diaz,5.54,9332.7,916.52,97,0,2026-04-11 00:00,2026-04-11 05:32
FL1171,IslandJet,ATR 72,Domestic,Cancelled,Capt. Ella Reyes,13.53,10556.0,702.18,233,0,2026-03-31 00:00,2026-03-31 13:31
FL1172,SkyLink Air,Boeing 737,International,On-Time,Capt. Ella Castillo,11.45,7345.5,790.84,356,0,2026-03-18 00:00,2026-03-18 11:27
FL1173,TransIsle Air,Boeing 777,International,On-Time,Capt. Ella Cruz,6.14,3750.0,1579.46,122,0,2026-03-26 00:00,2026-03-26 06:08
FL1174,SkyLink Air,Airbus A330,Domestic,On-Time,Capt. Maria Ramos,7.53,8069.7,706.17,304,0,2026-03-17 00:00,2026-03-17 07:31
FL1175,TransIsle Air,Airbus A330,Domestic,On-Time,Capt. Ramon Ramos,1.04,2383.4,648.97,70,0,2026-04-03 00:00,2026-04-03 01:02
FL1176,SkyLink Air,Boeing 737,International,On-Time,Capt. Jose Bautista,13.29,1106.7,1188.68,376,0,2026-03-20 00:00,2026-03-20 13:17
FL1177,SkyLink Air,Airbus A330,Domestic,On-Time,Capt. Victor Santos,9.06,11923.5,1727.53,212,0,2026-04-11 00:00,2026-04-11 09:03
FL1178,SkyLink Air,Airbus A330,Domestic,On-Time,Capt. Carlos Torres,10.03,11240.1,1514.77,348,0,2026-04-04 00:00,2026-04-04 10:01
FL1179,SkyLink Air,Boeing 777,International,Delayed,Capt. Ramon Santos,1.31,6874.3,742.14,305,225,2026-03-18 00:00,2026-03-18 01:18
FL1180,PacificWing Airlines,Boeing 737,Domestic,Cancelled,Capt. Ella Bautista,1.35,11577.8,210.47,122,0,2026-03-28 00:00,2026-03-28 01:21
FL1181,SkyLink Air,ATR 72,International,Delayed,Capt. Anna Flores,10.06,1654.2,1441.61,359,210,2026-04-04 00:00,2026-04-04 10:03
FL1182,PacificWing Airlines,ATR 72,International,Delayed,Capt. Carlos Reyes,7.84,5558.4,723.03,193,137,2026-03-24 00:00,2026-03-24 07:50
FL1183,AeroNova,Boeing 777,International,On-Time,Capt. Grace Santos,5.79,5436.0,1678.35,320,0,2026-03-23 00:00,2026-03-23 05:47
FL1184,TransIsle Air,Boeing 737,International,On-Time,Capt. Nina Garcia,0.97,6261.7,1687.99,98,0,2026-04-02 00:00,2026-04-02 00:58
FL1185,TransIsle Air,Boeing 737,Domestic,On-Time,Capt. Maria Diaz,3.69,2462.2,1042.84,151,0,2026-04-11 00:00,2026-04-11 03:41
FL1186,IslandJet,Boeing 737,International,On-Time,Capt. Ella Garcia,7.75,10390.0,1710.22,242,0,2026-04-12 00:00,2026-04-12 07:45
FL1187,AeroNova,Airbus A330,International,On-Time,Capt. Nina Ramos,1.72,4633.0,1397.71,64,0,2026-04-01 00:00,2026-03-18 01:43
FL1188,PacificWing Airlines,Boeing 777,International,On-Time,Capt. Maria Diaz,2.97,2859.5,1311.95,176,0,2026-03-31 00:00,2026-03-31 02:58
FL1189,PacificWing Airlines,ATR 72,Domestic,On-Time,Capt. Grace Santos,13.15,6306.7,936.88,357,0,2026-04-11 00:00,2026-04-11 13:09
FL1190,BlueHorizon Airways,Airbus A330,Domestic,On-Time,Capt. Maria Flores,13.93,7176.5,445.08,44,0,2026-03-28 00:00,2026-03-28 13:55
FL1191,BlueHorizon Airways,Airbus A320,International,Cancelled,Capt. Ramon Ramos,1.19,5785.4,150.88,308,0,2026-04-06 00:00,2026-04-06 01:11
FL1192,AeroNova,Airbus A330,International,Delayed,Capt. Victor Flores,9.25,7628.1,655.17,176,218,2026-04-09 00:00,2026-04-09 09:15
FL1193,IslandJet,Boeing 737,Domestic,Cancelled,Capt. Paolo Garcia,9.57,6143.3,1337.69,312,0,2026-04-04 00:00,2026-04-04 09:34
FL1194,AeroNova,Airbus A320,Domestic,Delayed,Capt. Paolo Reyes,3.41,9005.1,1615.18,245,118,2026-03-30 00:00,2026-03-30 03:24
FL1195,PacificWing Airlines,ATR 72,Domestic,Cancelled,Capt. Maria Diaz,1.99,3602.3,974.08,88,0,2026-04-06 00:00,2026-04-06 01:59
FL1196,PacificWing Airlines,Boeing 777,Domestic,Delayed,Capt. Anna Flores,10.77,1897.0,524.87,109,203,2026-04-11 00:00,2026-04-11 10:46
FL1197,IslandJet,Boeing 777,Domestic,On-Time,Capt. Nina Ramos,2.22,9419.2,1357.72,193,0,2026-03-24 00:00,2026-03-24 02:13
FL1198,PacificWing Airlines,Boeing 737,Domestic,Delayed,Capt. Maria Diaz,6.55,5689.7,733.07,83,198,2026-03-18 00:00,2026-03-18 06:33
FL1199,PacificWing Airlines,Airbus A320,Domestic,On-Time,Capt. Ramon Diaz,10.65,5350.0,576.7,329,0,2026-04-04 00:00,2026-04-06 10:39
FL1200,TransIsle Air,Boeing 737,Domestic,Delayed,Capt. Ella Bautista,3.69,10426.0,1797.95,189,28,2026-03-26 00:00,2026-03-26 03:41
FL1201,IslandJet,Boeing 737,Domestic,Delayed,Capt. Ramon Ramos,12.51,337.3,882.49,188,195,2026-04-03 00:00,2026-04-03 12:30
FL1202,IslandJet,Airbus A330,International,On-Time,Capt. Maria Flores,6.0,2818.4,1436.72,59,0,2026-03-30 00:00,2026-03-30 06:00
FL1203,SkyLink Air,ATR 72,Domestic,Delayed,Capt. Maria Torres,13.93,3326.8,1109.06,164,205,2026-03-17 00:00,2026-03-17 13:55
FL1204,TransIsle Air,Boeing 777,Domestic,On-Time,Capt. Jose Cruz,5.15,2462.9,146.69,246,0,2026-04-03 00:00,2026-04-03 05:09
FL1205,IslandJet,Boeing 777,Domestic,Delayed,Capt. Victor Santos,5.94,9772.1,509.57,351,15,2026-04-13 00:00,2026-04-13 05:56
FL1206,TransIsle Air,ATR 72,Domestic,On-Time,Capt. Ella Reyes,2.39,11579.5,509.37,119,0,2026-04-12 00:00,2026-04-12 02:23
FL1207,AeroNova,Boeing 777,International,On-Time,Capt. Carlos Reyes,6.34,4633.1,1510.65,322,0,2026-03-15 00:00,2026-03-15 06:20
FL1208,AeroNova,ATR 72,Domestic,On-Time,Capt. Victor Santos,0.56,6299.1,1466.45,94,0,2026-03-21 00:00,2026-03-21 00:33
FL1209,SkyLink Air,Boeing 737,Domestic,Delayed,Capt. Maria Diaz,5.84,5009.1,886.38,90,35,2026-04-07 00:00,2026-04-07 05:50
FL1210,TransIsle Air,Airbus A320,Domestic,On-Time,Capt. Maria Flores,9.17,4929.7,1665.47,45,0,2026-04-06 00:00,2026-04-06 09:10
FL1211,SkyLink Air,Airbus A330,Domestic,Delayed,Capt. Ramon Ramos,10.35,2346.7,859.02,105,233,2026-03-22 00:00,2026-03-22 10:21
FL1212,IslandJet,Boeing 777,Domestic,Delayed,Capt. Ramon Diaz,11.25,3168.5,281.99,28,136,2026-03-23 00:00,2026-03-23 11:15
FL1213,AeroNova,ATR 72,Domestic,On-Time,Capt. Anna Diaz,5.93,2069.0,1166.88,32,0,2026-04-13 00:00,2026-04-13 05:55
FL1214,BlueHorizon Airways,ATR 72,International,Delayed,Capt. Ella Cruz,3.35,748.9,1567.33,101,191,2026-03-28 00:00,2026-03-28 03:21
FL1215,BlueHorizon Airways,Airbus A320,International,Delayed,Capt. Maria Diaz,8.86,8781.2,819.35,357,83,2026-03-31 00:00,2026-03-31 08:51
FL1216,SkyLink Air,ATR 72,International,Delayed,Capt. Paolo Garcia,7.62,1546.5,463.28,123,212,2026-03-16 00:00,2026-03-16 07:37
FL1217,BlueHorizon Airways,ATR 72,International,On-Time,Capt. Paolo Reyes,7.32,10970.9,478.0,298,0,2026-03-24 00:00,2026-03-24 07:19
FL1218,IslandJet,Airbus A320,International,On-Time,Capt. Ramon Ramos,9.65,8703.8,1655.84,365,0,2026-04-06 00:00,2026-04-06 09:39
FL1219,TransIsle Air,Boeing 777,International,On-Time,Capt. Ramon Ramos,5.25,1261.6,768.72,241,0,2026-03-19 00:00,2026-03-19 05:15
FL1220,AeroNova,Boeing 777,International,Delayed,Capt. Maria Flores,4.33,3720.6,1396.69,94,150,2026-04-11 00:00,2026-04-11 04:19
FL1221,TransIsle Air,ATR 72,Domestic,Delayed,Capt. Ramon Ramos,8.69,8586.2,1033.98,99,186,2026-03-25 00:00,2026-03-25 08:41
FL1222,AeroNova,ATR 72,Domestic,On-Time,Capt. Ella Garcia,1.25,4847.8,1703.74,332,0,2026-04-02 00:00,2026-04-02 01:15
FL1223,BlueHorizon Airways,ATR 72,International,On-Time,Capt. Paolo Ramos,10.62,2708.7,977.42,338,0,2026-03-16 00:00,2026-03-16 10:37
FL1224,IslandJet,Airbus A330,International,On-Time,Capt. Anna Garcia,3.82,8563.7,1160.41,153,0,2026-03-27 00:00,2026-03-27 03:49
FL1225,SkyLink Air,Airbus A330,Domestic,On-Time,Capt. Jose Cruz,7.68,10673.5,1469.63,92,0,2026-04-07 00:00,2026-04-07 07:40
FL1226,AeroNova,Boeing 737,International,On-Time,Capt. Maria Flores,8.31,11074.5,627.95,318,0,2026-03-16 00:00,2026-03-16 08:18
FL1227,PacificWing Airlines,Airbus A320,Domestic,On-Time,Capt. Ella Cruz,3.36,1027.6,277.61,376,0,2026-03-20 00:00,2026-03-20 03:21
FL1228,SkyLink Air,Boeing 777,International,Delayed,Capt. Jose Cruz,8.33,6337.2,1295.88,249,201,2026-03-31 00:00,2026-03-31 08:19
FL1229,AeroNova,Airbus A320,International,On-Time,Capt. Maria Diaz,5.17,3239.3,314.45,291,0,2026-03-27 00:00,2026-03-27 05:10
FL1230,TransIsle Air,Boeing 777,International,On-Time,Capt. Ella Garcia,11.87,9215.5,584.95,47,0,2026-03-22 00:00,2026-03-22 11:52
FL1231,SkyLink Air,Boeing 737,Domestic,Delayed,Capt. Anna Diaz,9.8,6718.3,1136.37,124,63,2026-04-07 00:00,2026-04-07 09:48
FL1232,BlueHorizon Airways,Boeing 737,Domestic,Delayed,Capt. Maria Ramos,8.92,8238.7,174.99,290,92,2026-03-28 00:00,2026-03-28 08:55
FL1233,TransIsle Air,Boeing 737,Domestic,On-Time,Capt. Nina Garcia,6.02,2959.2,1501.21,287,0,2026-03-28 00:00,2026-03-28 06:01
FL1234,BlueHorizon Airways,Airbus A330,Domestic,On-Time,Capt. Ella Bautista,10.77,11146.5,908.13,365,0,2026-03-29 00:00,2026-03-29 10:46
FL1235,SkyLink Air,Airbus A330,Domestic,Delayed,Capt. Ella Bautista,8.63,11072.0,911.1,220,42,2026-03-31 00:00,2026-03-31 08:37
FL1236,BlueHorizon Airways,Airbus A320,Domestic,On-Time,Capt. Maria Torres,13.49,156.7,803.06,54,0,2026-03-29 00:00,2026-03-29 13:29
FL1237,IslandJet,Boeing 737,Domestic,On-Time,Capt. Ella Castillo,10.4,11301.8,338.73,164,0,2026-03-26 00:00,2026-03-26 10:24
FL1238,PacificWing Airlines,Airbus A330,International,On-Time,Capt. Maria Diaz,4.9,10883.6,922.87,103,0,2026-04-03 00:00,2026-04-03 04:54
FL1239,IslandJet,ATR 72,Domestic,Cancelled,Capt. Anna Diaz,11.97,3117.6,506.34,249,0,2026-03-19 00:00,2026-03-19 11:58
FL1240,SkyLink Air,Airbus A330,Domestic,Cancelled,Capt. Paolo Ramos,13.91,11205.3,402.78,329,0,2026-04-02 00:00,2026-04-02 13:54
FL1241,BlueHorizon Airways,ATR 72,International,On-Time,Capt. Nina Ramos,11.74,11822.8,1635.22,229,0,2026-03-26 00:00,2026-03-26 11:44
FL1242,BlueHorizon Airways,Airbus A330,Domestic,On-Time,Capt. Maria Diaz,4.13,7694.5,761.61,201,0,2026-04-08 00:00,2026-04-08 04:07
FL1243,IslandJet,Airbus A330,Domestic,Delayed,Capt. Maria Torres,5.0,10228.7,828.23,40,214,2026-04-05 00:00,2026-04-05 05:00
FL1244,PacificWing Airlines,Airbus A320,Domestic,On-Time,Capt. Maria Torres,10.75,7922.1,527.68,83,0,2026-03-22 00:00,2026-03-22 10:45
FL1245,SkyLink Air,ATR 72,International,On-Time,Capt. Anna Garcia,1.24,1991.5,1109.52,102,0,2026-04-05 00:00,2026-04-05 01:14
FL1246,AeroNova,ATR 72,International,On-Time,Capt. Maria Torres,6.48,2266.5,1631.35,23,0,2026-03-28 00:00,2026-03-28 06:28
FL1247,BlueHorizon Airways,ATR 72,International,On-Time,Capt. Victor Flores,2.53,7253.2,1717.78,333,0,2026-03-25 00:00,2026-03-25 02:31
FL1248,IslandJet,Boeing 737,Domestic,On-Time,Capt. Paolo Ramos,4.55,4323.7,1293.52,36,0,2026-03-30 00:00,2026-03-30 04:33
FL1249,SkyLink Air,Boeing 737,Domestic,Delayed,Capt. Paolo Garcia,6.43,9754.7,1294.04,36,225,2026-03-26 00:00,2026-03-26 06:25
FL1250,IslandJet,Boeing 737,Domestic,On-Time,Capt. Ella Garcia,6.91,5540.5,771.45,100,0,2026-03-18 00:00,2026-03-18 06:54
FL1251,AeroNova,Boeing 737,International,Delayed,Capt. Ramon Santos,11.63,11110.8,1715.64,26,54,2026-03-17 00:00,2026-03-17 11:37
FL1252,SkyLink Air,Airbus A320,International,Cancelled,Capt. Carlos Torres,10.8,6671.3,182.16,44,0,2026-03-30 00:00,2026-03-30 10:48
FL1253,AeroNova,Airbus A330,Domestic,On-Time,Capt. Ella Bautista,8.79,8916.3,176.66,75,0,2026-04-10 00:00,2026-04-10 08:47
FL1254,IslandJet,Boeing 777,Domestic,Delayed,Capt. Ella Bautista,11.96,11638.1,1331.63,28,37,2026-04-05 00:00,2026-04-05 11:57
FL1255,IslandJet,Airbus A330,International,On-Time,Capt. Ramon Santos,2.86,2700.6,1553.53,284,0,2026-03-26 00:00,2026-03-26 02:51
FL1256,AeroNova,Airbus A330,International,On-Time,Capt. Paolo Garcia,12.0,3206.0,1261.09,251,0,2026-04-04 00:00,2026-04-04 12:00
FL1257,IslandJet,Boeing 777,Domestic,On-Time,Capt. Jose Cruz,2.53,5782.4,1367.87,45,0,2026-04-14 00:00,2026-04-14 02:31
FL1258,IslandJet,Airbus A330,International,Delayed,Capt. Anna Garcia,5.02,11442.8,1187.14,180,79,2026-03-19 00:00,2026-03-19 05:01
FL1259,SkyLink Air,Boeing 737,Domestic,On-Time,Capt. Maria Torres,12.45,8297.3,128.14,215,0,2026-03-20 00:00,2026-03-20 12:27
FL1260,IslandJet,Airbus A330,Domestic,On-Time,Capt. Ramon Diaz,2.39,529.7,1123.25,120,0,2026-03-23 00:00,2026-03-23 02:23
FL1261,AeroNova,Airbus A330,Domestic,On-Time,Capt. Anna Garcia,9.29,5560.1,736.6,295,0,2026-03-24 00:00,2026-03-24 09:17
FL1262,PacificWing Airlines,Airbus A330,Domestic,On-Time,Capt. Victor Flores,5.6,4236.3,784.35,205,0,2026-04-09 00:00,2026-04-09 05:36
FL1263,PacificWing Airlines,Airbus A320,Domestic,Delayed,Capt. Anna Diaz,11.07,3525.0,1427.16,294,37,2026-04-06 00:00,2026-04-06 11:04
FL1264,BlueHorizon Airways,Boeing 777,Domestic,Cancelled,Capt. Ella Cruz,13.04,6631.8,302.53,305,0,2026-03-30 00:00,2026-03-30 13:02
FL1265,SkyLink Air,Airbus A330,International,On-Time,Capt. Ella Bautista,13.83,5835.6,1761.47,136,0,2026-03-25 00:00,2026-03-25 13:49
FL1266,AeroNova,Boeing 777,Domestic,On-Time,Capt. Ella Reyes,2.27,6123.2,204.18,217,0,2026-03-24 00:00,2026-03-24 02:16
FL1267,TransIsle Air,ATR 72,Domestic,On-Time,Capt. Ella Garcia,13.06,10335.4,831.68,201,0,2026-03-28 00:00,2026-03-28 13:03
FL1268,PacificWing Airlines,Boeing 737,International,On-Time,Capt. Ramon Santos,12.05,2359.8,573.96,91,0,2026-03-18 00:00,2026-03-18 12:03
FL1269,IslandJet,Boeing 777,Domestic,On-Time,Capt. Ella Bautista,5.79,3272.2,668.41,262,0,2026-03-15 00:00,2026-03-15 05:47
FL1270,AeroNova,Boeing 777,International,On-Time,Capt. Anna Flores,10.18,6927.6,420.27,35,0,2026-04-02 00:00,2026-03-27 10:10
FL1271,BlueHorizon Airways,Airbus A330,Domestic,Delayed,Capt. Ella Reyes,5.13,9003.3,274.47,105,56,2026-04-11 00:00,2026-04-11 05:07
FL1272,IslandJet,Airbus A320,International,On-Time,Capt. Paolo Ramos,13.15,11914.8,644.4,209,0,2026-03-24 00:00,2026-03-24 13:09
FL1273,IslandJet,Airbus A320,Domestic,On-Time,Capt. Anna Flores,7.51,11142.9,509.33,25,0,2026-03-20 00:00,2026-03-20 07:30
FL1274,SkyLink Air,Boeing 737,Domestic,On-Time,Capt. Ramon Diaz,1.96,3460.4,383.61,348,0,2026-03-23 00:00,2026-03-23 01:57
FL1275,AeroNova,Boeing 737,Domestic,On-Time,Capt. Paolo Garcia,5.7,2545.1,1372.92,29,0,2026-03-26 00:00,2026-03-26 05:42
FL1276,TransIsle Air,Boeing 777,Domestic,On-Time,Capt. Ramon Santos,13.04,9321.2,1387.15,284,0,2026-04-02 00:00,2026-04-02 13:02
FL1277,SkyLink Air,Boeing 777,International,On-Time,Capt. Carlos Reyes,12.59,11161.5,210.57,131,0,2026-04-10 00:00,2026-04-10 12:35
FL1278,TransIsle Air,Boeing 737,Domestic,On-Time,Capt. Victor Flores,10.9,9276.7,1447.64,309,0,2026-04-12 00:00,2026-04-12 10:54
FL1279,IslandJet,Boeing 737,Domestic,On-Time,Capt. Nina Garcia,12.07,5461.4,510.45,35,0,2026-04-02 00:00,2026-04-02 12:04
FL1280,PacificWing Airlines,Boeing 737,International,Delayed,Capt. Carlos Torres,6.24,4034.5,926.91,173,103,2026-04-14 00:00,2026-04-14 06:14
FL1281,AeroNova,Airbus A320,Domestic,Delayed,Capt. Maria Diaz,3.97,6854.6,770.53,193,140,2026-03-16 00:00,2026-03-16 03:58
FL1282,SkyLink Air,Boeing 777,International,Cancelled,Capt. Ella Castillo,3.97,1833.9,968.94,321,0,2026-04-09 00:00,2026-04-09 03:58
FL1283,PacificWing Airlines,Boeing 737,International,On-Time,Capt. Ramon Diaz,11.55,1515.0,1034.58,157,0,2026-04-01 00:00,2026-04-01 11:33
FL1284,PacificWing Airlines,ATR 72,Domestic,On-Time,Capt. Ella Bautista,1.29,3213.9,1208.43,204,0,2026-04-06 00:00,2026-04-06 01:17
FL1285,PacificWing Airlines,Airbus A320,Domestic,Delayed,Capt. Maria Torres,13.15,8659.0,821.86,231,41,2026-03-26 00:00,2026-03-26 13:09
FL1286,SkyLink Air,Boeing 777,Domestic,Delayed,Capt. Ramon Ramos,1.91,5866.2,1663.74,351,143,2026-03-29 00:00,2026-03-29 01:54
FL1287,TransIsle Air,Boeing 737,Domestic,Delayed,Capt. Jose Cruz,2.04,5511.5,775.36,130,162,2026-03-17 00:00,2026-03-17 02:02
FL1288,AeroNova,Boeing 777,Domestic,On-Time,Capt. Ella Castillo,12.63,7896.7,639.97,33,0,2026-03-20 00:00,2026-03-20 12:37
FL1289,TransIsle Air,Boeing 777,International,Delayed,Capt. Ella Bautista,1.77,3943.9,691.44,69,162,2026-04-02 00:00,2026-04-02 01:46
FL1290,BlueHorizon Airways,Airbus A330,Domestic,On-Time,Capt. Anna Flores,4.51,4723.2,390.66,270,0,2026-04-10 00:00,2026-04-10 04:30
FL1291,PacificWing Airlines,Boeing 737,Domestic,On-Time,Capt. Maria Flores,8.96,4639.6,1076.1,297,0,2026-03-23 00:00,2026-03-23 08:57
FL1292,TransIsle Air,Boeing 777,Domestic,Delayed,Capt. Paolo Ramos,7.55,8425.1,1776.68,174,232,2026-03-23 00:00,2026-03-23 07:33
FL1293,AeroNova,Airbus A320,International,On-Time,Capt. Maria Torres,1.75,6166.0,1314.62,320,0,2026-04-08 00:00,2026-04-08 01:45
FL1294,AeroNova,Boeing 777,International,On-Time,Capt. Ramon Santos,8.99,581.7,1021.11,332,0,2026-04-10 00:00,2026-04-10 08:59
FL1295,PacificWing Airlines,Airbus A330,Domestic,Delayed,Capt. Nina Ramos,12.11,4167.4,1280.13,131,192,2026-04-05 00:00,2026-04-05 12:06
FL1296,IslandJet,Airbus A320,Domestic,Delayed,Capt. Victor Santos,1.76,11669.0,1287.86,231,175,2026-03-21 00:00,2026-03-21 01:45
FL1297,IslandJet,Airbus A320,International,On-Time,Capt. Paolo Garcia,4.65,207.6,1325.26,35,0,2026-04-02 00:00,2026-04-02 04:39
FL1298,TransIsle Air,Boeing 737,Domestic,On-Time,Capt. Ella Bautista,10.71,3997.0,960.61,221,0,2026-04-14 00:00,2026-04-14 10:42
FL1299,TransIsle Air,ATR 72,Domestic,Delayed,Capt. Grace Santos,8.58,2291.4,662.97,73,154,2026-03-28 00:00,2026-03-28 08:34
FL1300,AeroNova,Boeing 777,Domestic,Delayed,Capt. Carlos Torres,2.86,943.7,752.75,288,200,2026-03-23 00:00,2026-03-23 02:51
FL1301,PacificWing Airlines,Boeing 737,Domestic,Cancelled,Capt. Maria Torres,4.05,6051.3,1063.67,226,0,2026-03-17 00:00,2026-03-17 04:03
FL1302,AeroNova,Boeing 777,Domestic,Delayed,Capt. Nina Ramos,11.66,10438.6,693.6,220,38,2026-03-19 00:00,2026-03-19 11:39
FL1303,IslandJet,Airbus A320,International,On-Time,Capt. Ella Reyes,1.43,8726.4,161.53,123,0,2026-04-01 00:00,2026-04-01 01:25
FL1304,TransIsle Air,Boeing 737,Domestic,On-Time,Capt. Anna Garcia,11.78,10265.5,456.9,189,0,2026-04-14 00:00,2026-04-14 11:46
FL1305,AeroNova,Airbus A320,International,Delayed,Capt. Ella Bautista,6.25,1929.0,1502.89,360,214,2026-03-31 00:00,2026-03-31 06:15
FL1306,BlueHorizon Airways,ATR 72,Domestic,Delayed,Capt. Maria Ramos,6.95,5110.1,688.35,145,40,2026-03-16 00:00,2026-03-16 06:57
FL1307,IslandJet,Boeing 737,Domestic,On-Time,Capt. Ella Garcia,6.74,1926.8,1575.54,151,0,2026-03-31 00:00,2026-03-31 06:44
FL1308,BlueHorizon Airways,ATR 72,Domestic,On-Time,Capt. Nina Garcia,2.31,1934.6,60.12,60,0,2026-04-04 00:00,2026-03-21 02:18
FL1309,PacificWing Airlines,Airbus A320,International,Cancelled,Capt. Grace Santos,10.79,7166.8,1371.91,45,0,2026-03-16 00:00,2026-03-16 10:47
FL1310,AeroNova,Airbus A320,Domestic,On-Time,Capt. Maria Flores,0.65,2395.5,262.49,160,0,2026-04-10 00:00,2026-04-10 00:39
FL1311,IslandJet,Airbus A330,International,Delayed,Capt. Carlos Torres,8.55,3080.1,1020.56,288,170,2026-04-01 00:00,2026-04-01 08:33
FL1312,IslandJet,ATR 72,Domestic,Delayed,Capt. Maria Flores,4.95,6518.6,899.89,145,136,2026-03-24 00:00,2026-03-24 04:57
FL1313,SkyLink Air,Airbus A320,International,On-Time,Capt. Carlos Reyes,3.7,2496.1,1388.14,64,0,2026-03-18 00:00,2026-03-18 03:42
FL1314,SkyLink Air,Airbus A320,International,Delayed,Capt. Nina Garcia,12.65,9124.6,1498.49,247,36,2026-04-09 00:00,2026-04-09 12:39
FL1315,IslandJet,ATR 72,International,On-Time,Capt. Maria Ramos,8.41,7112.1,1210.93,168,0,2026-04-11 00:00,2026-04-11 08:24
FL1316,AeroNova,Airbus A320,Domestic,Cancelled,Capt. Maria Ramos,10.71,5854.3,1048.1,214,0,2026-03-28 00:00,2026-03-28 10:42
FL1317,SkyLink Air,Boeing 777,International,On-Time,Capt. Ella Castillo,5.96,8684.6,1170.92,122,0,2026-03-16 00:00,2026-03-16 05:57
FL1318,SkyLink Air,Boeing 777,Domestic,On-Time,Capt. Grace Santos,8.93,6399.7,1577.09,118,0,2026-04-08 00:00,2026-04-08 08:55
FL1319,IslandJet,Airbus A320,International,On-Time,Capt. Victor Santos,1.72,9955.2,1086.52,365,0,2026-04-01 00:00,2026-04-01 01:43
FL1320,TransIsle Air,ATR 72,International,On-Time,Capt. Anna Flores,5.07,4513.6,133.42,207,0,2026-04-02 00:00,2026-04-02 05:04
FL1321,SkyLink Air,ATR 72,Domestic,On-Time,Capt. Ella Reyes,3.11,2932.9,230.59,101,0,2026-04-08 00:00,2026-04-08 03:06
FL1322,TransIsle Air,Boeing 777,International,On-Time,Capt. Ella Castillo,11.51,7362.6,1728.21,59,0,2026-03-25 00:00,2026-03-25 11:30
FL1323,TransIsle Air,ATR 72,Domestic,Delayed,Capt. Maria Flores,1.19,2659.1,1483.14,218,105,2026-04-04 00:00,2026-03-20 01:11
FL1324,AeroNova,Boeing 777,Domestic,Delayed,Capt. Ella Reyes,0.96,3434.8,138.59,235,225,2026-04-05 00:00,2026-04-05 00:57
FL1325,IslandJet,Boeing 777,Domestic,On-Time,Capt. Maria Ramos,13.15,1565.5,214.8,171,0,2026-04-13 00:00,2026-04-13 13:09
FL1326,PacificWing Airlines,Airbus A320,Domestic,On-Time,Capt. Anna Diaz,11.79,2699.3,331.43,163,0,2026-04-05 00:00,2026-04-05 11:47
FL1327,PacificWing Airlines,ATR 72,Domestic,On-Time,Capt. Ella Reyes,5.47,10844.5,1500.05,348,0,2026-04-01 00:00,2026-04-01 05:28
FL1328,BlueHorizon Airways,Airbus A330,Domestic,On-Time,Capt. Maria Ramos,8.87,11503.4,1072.73,82,0,2026-03-22 00:00,2026-03-22 08:52
FL1329,IslandJet,Airbus A330,Domestic,On-Time,Capt. Anna Garcia,5.59,4175.6,483.44,177,0,2026-04-08 00:00,2026-04-08 05:35
FL1330,BlueHorizon Airways,Airbus A330,Domestic,Cancelled,Capt. Maria Diaz,5.57,3633.4,998.51,107,0,2026-03-19 00:00,2026-03-19 05:34
FL1331,PacificWing Airlines,Boeing 737,International,Cancelled,Capt. Maria Flores,9.19,3259.3,858.83,29,0,2026-03-30 00:00,2026-03-30 09:11
FL1332,SkyLink Air,Airbus A320,Domestic,On-Time,Capt. Carlos Reyes,8.84,7306.7,740.09,191,0,2026-04-11 00:00,2026-04-11 08:50
FL1333,SkyLink Air,ATR 72,Domestic,On-Time,Capt. Victor Flores,1.85,9049.5,1495.99,220,0,2026-03-16 00:00,2026-03-16 01:51
FL1334,BlueHorizon Airways,ATR 72,Domestic,On-Time,Capt. Ella Garcia,8.87,11125.3,90.66,123,0,2026-03-26 00:00,2026-03-26 08:52
FL1335,AeroNova,Airbus A320,Domestic,On-Time,Capt. Ella Garcia,1.54,2117.0,836.66,140,0,2026-04-09 00:00,2026-04-09 01:32
FL1336,IslandJet,Boeing 777,Domestic,Delayed,Capt. Nina Garcia,10.86,10972.8,200.73,126,105,2026-03-17 00:00,2026-03-17 10:51
FL1337,AeroNova,Airbus A330,International,Cancelled,Capt. Nina Ramos,13.22,5562.4,1367.32,196,0,2026-03-26 00:00,2026-03-26 13:13
FL1338,IslandJet,Boeing 737,International,On-Time,Capt. Ella Cruz,2.45,10656.7,1482.8,146,0,2026-03-15 00:00,2026-03-15 02:27
FL1339,AeroNova,Airbus A320,Domestic,On-Time,Capt. Ella Bautista,10.93,10351.5,1489.48,349,0,2026-03-31 00:00,2026-03-31 10:55
FL1340,AeroNova,Boeing 737,International,Cancelled,Capt. Carlos Torres,12.35,5156.6,1028.46,225,0,2026-04-11 00:00,2026-04-11 12:21
FL1341,AeroNova,ATR 72,Domestic,On-Time,Capt. Grace Santos,4.4,10670.0,1150.92,271,0,2026-03-25 00:00,2026-03-25 04:24
FL1342,BlueHorizon Airways,Boeing 737,International,On-Time,Capt. Paolo Reyes,6.29,8642.0,1378.77,91,0,2026-03-31 00:00,2026-03-31 06:17
FL1343,BlueHorizon Airways,ATR 72,Domestic,Delayed,Capt. Ella Garcia,12.15,9615.2,1211.34,81,196,2026-04-14 00:00,2026-04-14 12:09
FL1344,PacificWing Airlines,ATR 72,International,On-Time,Capt. Ella Cruz,13.91,11134.3,737.22,183,0,2026-04-10 00:00,2026-04-10 13:54
FL1345,BlueHorizon Airways,Boeing 737,Domestic,On-Time,Capt. Nina Garcia,1.93,4819.9,476.7,85,0,2026-03-27 00:00,2026-03-27 01:55
FL1346,SkyLink Air,Boeing 777,Domestic,Delayed,Capt. Ella Castillo,11.38,7429.2,829.97,122,151,2026-03-30 00:00,2026-03-30 11:22
FL1347,PacificWing Airlines,Airbus A330,Domestic,On-Time,Capt. Jose Bautista,6.87,8985.9,644.12,314,0,2026-03-27 00:00,2026-03-27 06:52
FL1348,IslandJet,Airbus A320,Domestic,On-Time,Capt. Ella Castillo,12.02,8909.2,464.07,287,0,2026-04-04 00:00,2026-04-04 12:01
FL1349,SkyLink Air,ATR 72,Domestic,On-Time,Capt. Ella Cruz,3.94,11845.3,1580.36,335,0,2026-04-04 00:00,2026-04-04 03:56
FL1350,SkyLink Air,ATR 72,International,On-Time,Capt. Paolo Reyes,11.57,8311.7,979.96,28,0,2026-03-20 00:00,2026-03-20 11:34
FL1351,AeroNova,Airbus A330,Domestic,Delayed,Capt. Carlos Torres,11.47,2169.1,1173.12,308,19,2026-04-01 00:00,2026-03-27 11:28
FL1352,IslandJet,Airbus A320,Domestic,Delayed,Capt. Ella Reyes,3.84,6112.7,1783.98,101,50,2026-04-14 00:00,2026-04-14 03:50
FL1353,SkyLink Air,ATR 72,Domestic,On-Time,Capt. Jose Bautista,8.01,5012.5,339.73,111,0,2026-03-27 00:00,2026-03-27 08:00
FL1354,SkyLink Air,Boeing 737,International,On-Time,Capt. Carlos Torres,11.09,3690.3,1019.1,20,0,2026-04-06 00:00,2026-04-06 11:05
FL1355,AeroNova,Boeing 777,Domestic,On-Time,Capt. Maria Diaz,4.17,8524.3,1054.64,376,0,2026-03-16 00:00,2026-03-16 04:10
FL1356,PacificWing Airlines,Boeing 777,Domestic,On-Time,Capt. Ramon Ramos,11.9,2594.3,372.59,301,0,2026-03-17 00:00,2026-03-17 11:54
FL1357,AeroNova,Airbus A320,International,On-Time,Capt. Paolo Ramos,0.94,1107.3,1593.05,166,0,2026-04-07 00:00,2026-04-07 00:56
FL1358,BlueHorizon Airways,Boeing 777,Domestic,On-Time,Capt. Nina Ramos,12.24,11041.4,221.42,255,0,2026-04-08 00:00,2026-04-08 12:14
FL1359,BlueHorizon Airways,Airbus A330,International,Delayed,Capt. Ella Cruz,1.48,11893.4,328.93,322,86,2026-04-02 00:00,2026-04-02 01:28
FL1360,IslandJet,Boeing 737,Domestic,On-Time,Capt. Carlos Reyes,12.48,7835.9,947.15,56,0,2026-03-24 00:00,2026-03-24 12:28
FL1361,IslandJet,Airbus A320,Domestic,On-Time,Capt. Victor Santos,2.33,2717.1,1259.26,146,0,2026-03-23 00:00,2026-03-23 02:19
FL1362,AeroNova,Boeing 737,International,Delayed,Capt. Paolo Ramos,7.78,8917.0,1779.73,47,169,2026-03-22 00:00,2026-03-22 07:46
FL1363,TransIsle Air,ATR 72,International,On-Time,Capt. Anna Flores,8.33,9279.2,1796.89,23,0,2026-04-09 00:00,2026-04-09 08:19
FL1364,BlueHorizon Airways,Airbus A320,Domestic,On-Time,Capt. Victor Flores,1.33,8812.7,367.58,138,0,2026-03-30 00:00,2026-03-30 01:19
FL1365,PacificWing Airlines,Boeing 777,Domestic,Delayed,Capt. Nina Ramos,1.11,6770.3,540.85,30,52,2026-04-12 00:00,2026-04-12 01:06
FL1366,IslandJet,Boeing 737,International,Delayed,Capt. Paolo Garcia,6.37,11476.9,1766.23,39,149,2026-04-07 00:00,2026-04-07 06:22
FL1367,IslandJet,ATR 72,International,On-Time,Capt. Jose Bautista,6.78,2780.2,836.88,216,0,2026-04-12 00:00,2026-04-12 06:46
FL1368,AeroNova,Boeing 777,Domestic,On-Time,Capt. Ella Bautista,11.66,4554.8,125.14,117,0,2026-03-29 00:00,2026-03-29 11:39
FL1369,IslandJet,Boeing 777,Domestic,On-Time,Capt. Anna Diaz,6.35,7115.7,453.13,231,0,2026-03-20 00:00,2026-03-20 06:21
FL1370,BlueHorizon Airways,Boeing 737,Domestic,On-Time,Capt. Jose Cruz,10.86,3951.9,1375.35,313,0,2026-03-16 00:00,2026-03-16 10:51
FL1371,TransIsle Air,Airbus A320,Domestic,On-Time,Capt. Carlos Reyes,9.42,5061.0,966.87,97,0,2026-03-23 00:00,2026-03-23 09:25
FL1372,TransIsle Air,Airbus A320,Domestic,On-Time,Capt. Victor Flores,1.91,11178.9,108.57,220,0,2026-03-24 00:00,2026-03-24 01:54
FL1373,BlueHorizon Airways,Airbus A330,Domestic,On-Time,Capt. Anna Diaz,6.68,2719.0,526.87,71,0,2026-04-07 00:00,2026-04-07 06:40
FL1374,SkyLink Air,Airbus A320,Domestic,On-Time,Capt. Jose Cruz,7.64,4049.5,1007.44,217,0,2026-03-27 00:00,2026-03-27 07:38
FL1375,AeroNova,Airbus A320,Domestic,Delayed,Capt. Victor Santos,0.83,11778.1,1128.99,72,64,2026-03-25 00:00,2026-03-25 00:49
FL1376,BlueHorizon Airways,Boeing 737,Domestic,On-Time,Capt. Maria Flores,13.82,7533.4,782.25,64,0,2026-04-04 00:00,2026-04-04 13:49
FL1377,AeroNova,ATR 72,Domestic,On-Time,Capt. Maria Ramos,13.07,11619.7,146.09,253,0,2026-03-26 00:00,2026-03-26 13:04
FL1378,TransIsle Air,Airbus A320,Domestic,Delayed,Capt. Maria Diaz,8.17,5556.5,317.0,262,222,2026-03-27 00:00,2026-03-27 08:10
FL1379,PacificWing Airlines,Boeing 737,International,On-Time,Capt. Paolo Ramos,12.03,238.7,327.64,63,0,2026-04-09 00:00,2026-04-09 12:01
FL1380,PacificWing Airlines,Boeing 777,Domestic,On-Time,Capt. Ramon Ramos,1.31,8412.8,1087.99,151,0,2026-04-04 00:00,2026-04-04 01:18
FL1381,TransIsle Air,Boeing 777,Domestic,Delayed,Capt. Paolo Ramos,8.1,1167.8,474.32,135,61,2026-04-01 00:00,2026-04-01 08:06
FL1382,SkyLink Air,Airbus A320,Domestic,Delayed,Capt. Nina Garcia,13.82,3510.7,779.08,65,44,2026-04-04 00:00,2026-04-04 13:49
FL1383,BlueHorizon Airways,ATR 72,Domestic,Cancelled,Capt. Grace Santos,11.28,1903.2,1647.98,299,0,2026-03-25 00:00,2026-03-25 11:16
FL1384,BlueHorizon Airways,Airbus A330,Domestic,On-Time,Capt. Anna Garcia,5.04,10981.1,1444.2,256,0,2026-04-08 00:00,2026-04-08 05:02
FL1385,SkyLink Air,Boeing 737,Domestic,On-Time,Capt. Anna Flores,1.86,3509.1,1052.1,135,0,2026-04-14 00:00,2026-04-14 01:51
FL1386,PacificWing Airlines,Boeing 737,International,On-Time,Capt. Maria Torres,6.83,6142.8,1483.27,89,0,2026-04-14 00:00,2026-04-14 06:49
FL1387,TransIsle Air,Airbus A320,Domestic,Delayed,Capt. Paolo Garcia,10.09,1329.2,1108.97,89,152,2026-04-04 00:00,2026-04-04 10:05
FL1388,TransIsle Air,Airbus A330,Domestic,On-Time,Capt. Victor Santos,3.76,9521.8,1487.4,239,0,2026-03-17 00:00,2026-03-17 03:45
FL1389,PacificWing Airlines,Airbus A320,International,On-Time,Capt. Ramon Ramos,7.91,2639.5,1763.57,291,0,2026-03-19 00:00,2026-03-19 07:54
FL1390,AeroNova,Boeing 737,International,On-Time,Capt. Ella Cruz,11.69,9326.9,1080.42,50,0,2026-03-18 00:00,2026-03-18 11:41
FL1391,PacificWing Airlines,Boeing 737,International,Delayed,Capt. Ella Bautista,1.57,8423.6,533.95,294,39,2026-03-31 00:00,2026-03-31 01:34
FL1392,IslandJet,Airbus A330,Domestic,On-Time,Capt. Jose Cruz,13.3,4810.0,1347.79,233,0,2026-04-11 00:00,2026-04-11 13:18
FL1393,AeroNova,Airbus A320,Domestic,On-Time,Capt. Nina Garcia,8.2,7288.6,708.37,329,0,2026-03-29 00:00,2026-03-29 08:12
FL1394,IslandJet,Boeing 737,International,On-Time,Capt. Anna Diaz,1.37,8517.3,1129.21,348,0,2026-03-29 00:00,2026-03-29 01:22
FL1395,TransIsle Air,Boeing 737,International,On-Time,Capt. Maria Ramos,2.99,5451.5,1360.4,295,0,2026-03-15 00:00,2026-03-15 02:59
FL1396,TransIsle Air,Boeing 777,Domestic,Delayed,Capt. Carlos Torres,6.72,10655.7,216.19,316,103,2026-04-04 00:00,2026-03-21 06:43
FL1397,TransIsle Air,Airbus A330,Domestic,On-Time,Capt. Victor Santos,11.07,2704.5,518.67,74,0,2026-04-04 00:00,2026-04-04 11:04
FL1398,BlueHorizon Airways,Airbus A320,Domestic,On-Time,Capt. Ella Garcia,6.47,5435.5,764.03,254,0,2026-03-22 00:00,2026-03-22 06:28
FL1399,PacificWing Airlines,Airbus A320,International,On-Time,Capt. Ella Cruz,10.38,8724.2,1570.26,313,0,2026-03-20 00:00,2026-03-20 10:22
FL1400,TransIsle Air,Airbus A320,Domestic,On-Time,Capt. Paolo Garcia,5.06,2780.1,244.91,109,0,2026-03-15 00:00,2026-03-15 05:03
FL1401,PacificWing Airlines,ATR 72,Domestic,Delayed,Capt. Victor Santos,11.04,6629.7,1658.0,160,136,2026-04-04 00:00,2026-04-04 11:02
FL1402,TransIsle Air,Airbus A320,Domestic,Delayed,Capt. Ramon Ramos,12.87,1140.2,729.93,242,102,2026-04-11 00:00,2026-04-11 12:52
FL1403,PacificWing Airlines,Airbus A320,International,Cancelled,Capt. Paolo Ramos,2.79,7745.2,1231.41,293,0,2026-03-22 00:00,2026-03-22 02:47
FL1404,PacificWing Airlines,Airbus A320,Domestic,On-Time,Capt. Ella Reyes,9.23,3174.0,1293.09,234,0,2026-04-01 00:00,2026-04-01 09:13
FL1405,SkyLink Air,Airbus A320,International,On-Time,Capt. Jose Bautista,6.59,3383.1,329.63,117,0,2026-04-04 00:00,2026-04-04 06:35
FL1406,PacificWing Airlines,Airbus A320,Domestic,Delayed,Capt. Victor Santos,4.97,6569.6,271.18,244,141,2026-04-12 00:00,2026-04-12 04:58
FL1407,PacificWing Airlines,ATR 72,Domestic,On-Time,Capt. Maria Ramos,13.24,8698.2,1380.59,35,0,2026-04-05 00:00,2026-04-05 13:14
FL1408,SkyLink Air,Boeing 737,Domestic,Delayed,Capt. Paolo Garcia,1.27,11952.8,156.73,82,204,2026-04-01 00:00,2026-04-01 01:16
FL1409,SkyLink Air,Boeing 777,International,Delayed,Capt. Ramon Diaz,9.13,159.8,1095.42,86,201,2026-03-23 00:00,2026-03-23 09:07
FL1410,AeroNova,Airbus A330,Domestic,On-Time,Capt. Jose Cruz,2.17,824.4,1652.63,187,0,2026-03-24 00:00,2026-03-24 02:10
FL1411,TransIsle Air,Airbus A320,International,Cancelled,Capt. Grace Santos,13.76,8334.2,213.82,236,0,2026-03-24 00:00,2026-03-24 13:45
FL1412,PacificWing Airlines,Boeing 737,International,On-Time,Capt. Maria Flores,1.53,8572.5,1772.95,192,0,2026-03-17 00:00,2026-03-17 01:31
FL1413,AeroNova,Boeing 777,Domestic,Delayed,Capt. Anna Garcia,1.04,11253.6,496.62,313,181,2026-04-05 00:00,2026-04-05 01:02
FL1414,TransIsle Air,Airbus A320,International,On-Time,Capt. Maria Torres,2.85,1848.1,551.0,331,0,2026-03-30 00:00,2026-03-30 02:51
FL1415,PacificWing Airlines,Airbus A330,Domestic,On-Time,Capt. Maria Ramos,0.86,4748.4,1019.04,228,0,2026-03-24 00:00,2026-03-24 00:51
FL1416,IslandJet,Boeing 737,Domestic,Delayed,Capt. Carlos Torres,2.58,7845.3,1674.06,325,38,2026-03-17 00:00,2026-03-17 02:34
FL1417,PacificWing Airlines,Airbus A320,Domestic,On-Time,Capt. Paolo Garcia,0.55,8460.1,1432.59,146,0,2026-03-27 00:00,2026-03-27 00:33
FL1418,PacificWing Airlines,Boeing 737,Domestic,Delayed,Capt. Nina Garcia,2.48,4067.6,526.3,121,147,2026-04-14 00:00,2026-04-14 02:28
FL1419,IslandJet,Airbus A320,International,On-Time,Capt. Maria Torres,10.76,8174.5,386.94,126,0,2026-03-31 00:00,2026-03-31 10:45
FL1420,PacificWing Airlines,Airbus A320,Domestic,On-Time,Capt. Anna Flores,7.03,2096.4,277.62,55,0,2026-04-04 00:00,2026-04-04 07:01
FL1421,TransIsle Air,Boeing 777,International,On-Time,Capt. Jose Cruz,4.35,6821.1,1658.13,303,0,2026-03-28 00:00,2026-03-28 04:21
FL1422,PacificWing Airlines,Boeing 737,International,On-Time,Capt. Paolo Garcia,2.05,5750.0,1749.74,336,0,2026-03-24 00:00,2026-03-24 02:03
FL1423,BlueHorizon Airways,Boeing 777,International,On-Time,Capt. Ella Cruz,4.16,1352.0,586.85,118,0,2026-03-30 00:00,2026-03-30 04:09
FL1424,SkyLink Air,Boeing 777,Domestic,On-Time,Capt. Anna Garcia,1.08,4163.5,445.28,191,0,2026-04-01 00:00,2026-04-01 01:04
FL1425,PacificWing Airlines,Boeing 737,International,Cancelled,Capt. Maria Torres,10.81,7197.9,1171.11,268,0,2026-03-30 00:00,2026-03-30 10:48
FL1426,AeroNova,Airbus A330,Domestic,Delayed,Capt. Ramon Santos,10.01,1397.3,1211.44,190,55,2026-04-06 00:00,2026-04-06 10:00
FL1427,SkyLink Air,Airbus A320,Domestic,Delayed,Capt. Anna Garcia,4.22,5139.5,203.25,246,161,2026-03-16 00:00,2026-03-16 04:13
FL1428,IslandJet,Airbus A330,Domestic,Delayed,Capt. Anna Diaz,5.26,11600.6,1372.3,195,112,2026-03-19 00:00,2026-03-19 05:15
FL1429,AeroNova,Airbus A320,Domestic,Delayed,Capt. Ella Reyes,6.97,3182.9,1798.96,50,53,2026-04-13 00:00,2026-04-13 06:58
FL1430,PacificWing Airlines,Airbus A320,Domestic,On-Time,Capt. Jose Cruz,1.14,11210.7,1689.27,45,0,2026-04-06 00:00,2026-04-06 01:08
FL1431,BlueHorizon Airways,Airbus A330,International,On-Time,Capt. Ella Cruz,8.82,1356.2,195.15,304,0,2026-03-31 00:00,2026-03-31 08:49
FL1432,IslandJet,Boeing 777,International,On-Time,Capt. Ramon Santos,0.67,10185.5,758.41,237,0,2026-03-24 00:00,2026-03-24 00:40
FL1433,TransIsle Air,Airbus A320,Domestic,On-Time,Capt. Ella Reyes,7.34,460.5,470.89,182,0,2026-03-17 00:00,2026-03-17 07:20
FL1434,BlueHorizon Airways,ATR 72,Domestic,On-Time,Capt. Carlos Torres,5.24,4180.6,1487.21,207,0,2026-03-26 00:00,2026-03-26 05:14
FL1435,SkyLink Air,Airbus A330,International,On-Time,Capt. Maria Ramos,1.9,7137.1,1403.11,138,0,2026-03-26 00:00,2026-03-26 01:54
FL1436,TransIsle Air,Airbus A320,Domestic,On-Time,Capt. Victor Santos,0.94,4372.4,1028.85,198,0,2026-04-04 00:00,2026-03-27 00:56
FL1437,AeroNova,ATR 72,Domestic,On-Time,Capt. Jose Cruz,9.65,7084.0,1091.74,65,0,2026-04-12 00:00,2026-04-12 09:39
FL1438,PacificWing Airlines,Boeing 777,Domestic,Delayed,Capt. Paolo Reyes,4.96,10728.6,108.72,178,191,2026-03-24 00:00,2026-03-24 04:57
FL1439,TransIsle Air,Boeing 777,Domestic,On-Time,Capt. Nina Ramos,2.7,10997.5,843.39,126,0,2026-04-10 00:00,2026-04-10 02:42
FL1440,TransIsle Air,Boeing 777,Domestic,Delayed,Capt. Ella Castillo,4.37,8270.2,1008.46,357,123,2026-04-13 00:00,2026-04-13 04:22
FL1441,TransIsle Air,Airbus A320,International,On-Time,Capt. Anna Diaz,6.43,485.9,1344.48,370,0,2026-04-13 00:00,2026-04-13 06:25
FL1442,TransIsle Air,Airbus A320,Domestic,On-Time,Capt. Maria Ramos,1.51,965.6,1509.41,178,0,2026-04-10 00:00,2026-04-10 01:30
FL1443,IslandJet,Airbus A330,Domestic,Delayed,Capt. Ella Bautista,12.75,6145.8,221.92,304,198,2026-03-31 00:00,2026-03-31 12:45
FL1444,BlueHorizon Airways,Airbus A320,Domestic,On-Time,Capt. Paolo Garcia,2.31,7497.4,1425.81,103,0,2026-04-04 00:00,2026-04-04 02:18
FL1445,AeroNova,Boeing 737,Domestic,Delayed,Capt. Grace Santos,11.98,1977.2,972.8,164,97,2026-04-06 00:00,2026-04-06 11:58
FL1446,AeroNova,ATR 72,Domestic,Delayed,Capt. Maria Diaz,12.36,11817.6,480.07,220,34,2026-04-05 00:00,2026-04-05 12:21
FL1447,SkyLink Air,Airbus A330,Domestic,On-Time,Capt. Jose Cruz,8.09,7215.4,508.38,294,0,2026-04-07 00:00,2026-04-07 08:05
FL1448,SkyLink Air,ATR 72,Domestic,On-Time,Capt. Anna Garcia,1.05,9115.1,620.82,264,0,2026-03-20 00:00,2026-03-20 01:03
FL1449,IslandJet,Boeing 777,Domestic,On-Time,Capt. Anna Garcia,9.84,11891.8,1417.91,126,0,2026-04-13 00:00,2026-04-13 09:50
FL1450,SkyLink Air,Boeing 777,Domestic,On-Time,Capt. Ramon Ramos,12.68,229.6,550.79,304,0,2026-04-13 00:00,2026-04-13 12:40
FL1451,IslandJet,Boeing 737,Domestic,On-Time,Capt. Jose Cruz,11.21,11606.2,815.82,201,0,2026-04-06 00:00,2026-04-06 11:12
FL1452,AeroNova,Airbus A330,Domestic,On-Time,Capt. Jose Bautista,7.96,10922.3,1680.85,317,0,2026-03-28 00:00,2026-03-28 07:57
FL1453,SkyLink Air,ATR 72,Domestic,Delayed,Capt. Ramon Santos,6.47,9034.3,1232.07,271,141,2026-03-24 00:00,2026-03-24 06:28
FL1454,IslandJet,Boeing 737,Domestic,On-Time,Capt. Ella Castillo,3.32,10293.2,1115.59,152,0,2026-03-24 00:00,2026-03-24 03:19
FL1455,IslandJet,Boeing 737,International,Delayed,Capt. Paolo Reyes,11.52,5056.2,1046.24,158,183,2026-03-19 00:00,2026-03-19 11:31
FL1456,BlueHorizon Airways,Boeing 777,International,Delayed,Capt. Ella Bautista,9.21,8224.3,533.02,206,21,2026-03-15 00:00,2026-03-15 09:12
FL1457,PacificWing Airlines,ATR 72,International,Cancelled,Capt. Carlos Torres,10.05,7371.7,347.16,291,0,2026-04-13 00:00,2026-04-13 10:03
FL1458,BlueHorizon Airways,Boeing 777,Domestic,On-Time,Capt. Ella Garcia,10.83,4664.1,932.97,376,0,2026-03-17 00:00,2026-03-17 10:49
FL1459,AeroNova,ATR 72,Domestic,On-Time,Capt. Ella Bautista,1.97,345.4,875.95,37,0,2026-03-28 00:00,2026-03-28 01:58
FL1460,BlueHorizon Airways,Boeing 737,Domestic,Delayed,Capt. Jose Bautista,10.02,3747.5,1604.84,75,51,2026-04-04 00:00,2026-03-15 10:01
FL1461,BlueHorizon Airways,Airbus A320,Domestic,On-Time,Capt. Jose Cruz,12.46,5838.9,1795.87,78,0,2026-04-06 00:00,2026-04-06 12:27
FL1462,BlueHorizon Airways,Boeing 737,Domestic,Delayed,Capt. Anna Flores,12.0,3615.7,1447.43,358,160,2026-03-18 00:00,2026-03-18 12:00
FL1463,AeroNova,Airbus A330,International,On-Time,Capt. Paolo Garcia,13.0,10868.4,368.7,201,0,2026-03-30 00:00,2026-03-30 13:00
FL1464,SkyLink Air,Airbus A330,International,Delayed,Capt. Anna Diaz,11.46,9179.1,291.49,130,234,2026-03-24 00:00,2026-03-24 11:27
FL1465,PacificWing Airlines,Airbus A330,International,On-Time,Capt. Paolo Reyes,6.52,3191.6,1352.97,75,0,2026-03-22 00:00,2026-03-22 06:31
FL1466,AeroNova,Airbus A330,International,Delayed,Capt. Paolo Ramos,10.84,9638.4,730.23,61,155,2026-03-17 00:00,2026-03-17 10:50
FL1467,AeroNova,ATR 72,Domestic,On-Time,Capt. Anna Diaz,11.02,1178.6,122.92,310,0,2026-03-30 00:00,2026-03-30 11:01
FL1468,PacificWing Airlines,ATR 72,Domestic,Delayed,Capt. Maria Ramos,12.24,1690.8,924.62,123,36,2026-03-29 00:00,2026-03-29 12:14
FL1469,PacificWing Airlines,Airbus A330,Domestic,On-Time,Capt. Maria Torres,13.13,2507.6,441.24,148,0,2026-04-14 00:00,2026-04-14 13:07
FL1470,SkyLink Air,ATR 72,Domestic,Delayed,Capt. Ella Castillo,4.92,4481.2,325.34,270,159,2026-04-04 00:00,2026-04-04 04:55
FL1471,PacificWing Airlines,Boeing 737,Domestic,On-Time,Capt. Ramon Diaz,13.52,10050.8,1218.12,142,0,2026-04-10 00:00,2026-04-10 13:31
FL1472,TransIsle Air,Boeing 777,Domestic,On-Time,Capt. Victor Santos,12.45,11586.9,1096.0,58,0,2026-04-01 00:00,2026-04-01 12:27
FL1473,AeroNova,Airbus A330,Domestic,On-Time,Capt. Nina Garcia,8.45,9683.9,982.83,252,0,2026-04-07 00:00,2026-04-07 08:27
FL1474,PacificWing Airlines,Airbus A330,International,Delayed,Capt. Ella Cruz,0.91,4298.0,728.28,118,163,2026-03-23 00:00,2026-03-23 00:54
FL1475,TransIsle Air,Boeing 737,Domestic,On-Time,Capt. Ramon Santos,12.1,3914.2,190.55,93,0,2026-04-04 00:00,2026-03-22 12:06
FL1476,BlueHorizon Airways,Airbus A320,Domestic,Delayed,Capt. Carlos Torres,6.13,10696.7,1237.44,347,50,2026-03-30 00:00,2026-03-30 06:07
FL1477,PacificWing Airlines,Boeing 737,Domestic,On-Time,Capt. Maria Torres,6.17,6973.5,676.68,324,0,2026-03-27 00:00,2026-03-27 06:10
FL1478,TransIsle Air,Boeing 777,International,On-Time,Capt. Paolo Reyes,4.5,6922.5,533.17,135,0,2026-04-02 00:00,2026-04-02 04:30
FL1479,SkyLink Air,ATR 72,Domestic,On-Time,Capt. Nina Ramos,10.46,2336.0,210.94,234,0,2026-04-11 00:00,2026-04-11 10:27
FL1480,AeroNova,Boeing 737,Domestic,On-Time,Capt. Anna Diaz,13.36,1243.3,997.16,236,0,2026-03-25 00:00,2026-03-25 13:21
FL1481,IslandJet,Airbus A330,Domestic,On-Time,Capt. Ella Cruz,6.22,5245.8,1595.27,51,0,2026-03-22 00:00,2026-03-22 06:13
FL1482,BlueHorizon Airways,Airbus A320,Domestic,On-Time,Capt. Victor Flores,8.25,8090.6,815.51,139,0,2026-03-22 00:00,2026-03-22 08:15
FL1483,TransIsle Air,ATR 72,International,Delayed,Capt. Ella Garcia,12.21,10013.5,1326.62,326,180,2026-04-11 00:00,2026-04-11 12:12
FL1484,IslandJet,Airbus A320,Domestic,On-Time,Capt. Victor Flores,13.12,10234.8,802.04,280,0,2026-03-27 00:00,2026-03-27 13:07
FL1485,BlueHorizon Airways,Boeing 737,International,Cancelled,Capt. Grace Santos,11.29,11244.9,1636.61,292,0,2026-04-04 00:00,2026-04-09 11:17
FL1486,BlueHorizon Airways,Boeing 777,Domestic,On-Time,Capt. Maria Flores,8.32,8738.1,1441.62,305,0,2026-03-28 00:00,2026-03-28 08:19
FL1487,SkyLink Air,ATR 72,Domestic,On-Time,Capt. Anna Garcia,3.35,8646.7,484.05,52,0,2026-03-28 00:00,2026-03-28 03:21
FL1488,TransIsle Air,ATR 72,Domestic,On-Time,Capt. Grace Santos,4.68,5491.2,1363.55,247,0,2026-04-10 00:00,2026-04-10 04:40
FL1489,PacificWing Airlines,Boeing 737,International,On-Time,Capt. Anna Diaz,5.14,11859.9,618.74,79,0,2026-03-29 00:00,2026-03-29 05:08
FL1490,SkyLink Air,Airbus A330,Domestic,On-Time,Capt. Jose Bautista,3.86,4143.3,1206.9,125,0,2026-03-27 00:00,2026-03-27 03:51
FL1491,AeroNova,Boeing 777,International,Cancelled,Capt. Ramon Ramos,13.19,5971.9,1281.32,305,0,2026-04-03 00:00,2026-04-03 13:11
FL1492,SkyLink Air,Boeing 777,International,Cancelled,Capt. Grace Santos,10.73,11205.8,441.96,148,0,2026-04-03 00:00,2026-04-03 10:43
FL1493,BlueHorizon Airways,Airbus A320,Domestic,Cancelled,Capt. Paolo Garcia,13.03,2775.5,614.97,271,0,2026-03-31 00:00,2026-03-31 13:01
FL1494,SkyLink Air,Airbus A320,Domestic,On-Time,Capt. Victor Flores,2.57,9373.6,773.82,25,0,2026-03-15 00:00,2026-03-15 02:34
FL1495,SkyLink Air,Boeing 737,Domestic,On-Time,Capt. Ramon Diaz,0.71,2015.8,1214.0,27,0,2026-03-23 00:00,2026-03-23 00:42
FL1496,TransIsle Air,Airbus A330,Domestic,Delayed,Capt. Ella Garcia,13.13,879.9,801.2,223,156,2026-04-08 00:00,2026-04-08 13:07
FL1497,AeroNova,Airbus A320,International,On-Time,Capt. Maria Ramos,6.28,9256.9,1146.7,58,0,2026-03-24 00:00,2026-03-24 06:16
FL1498,BlueHorizon Airways,Boeing 737,Domestic,Delayed,Capt. Ramon Diaz,0.92,11236.9,1140.76,240,97,2026-03-31 00:00,2026-03-31 00:55
FL1499,BlueHorizon Airways,Airbus A330,Domestic,On-Time,Capt. Grace Santos,8.88,8274.3,115.1,178,0,2026-03-29 00:00,2026-03-29 08:52
FL1500,IslandJet,ATR 72,International,On-Time,Capt. Victor Flores,4.32,7356.3,1728.22,340,0,2026-04-07 00:00,2026-04-07 04:19
FL1501,PacificWing Airlines,Airbus A320,Domestic,Delayed,Capt. Ramon Diaz,10.39,3440.7,688.63,324,131,2026-03-30 00:00,2026-03-30 10:23
FL1502,AeroNova,ATR 72,Domestic,On-Time,Capt. Maria Ramos,8.65,1115.1,869.79,274,0,2026-03-27 00:00,2026-03-27 08:39
FL1503,SkyLink Air,Boeing 737,Domestic,On-Time,Capt. Ella Reyes,9.62,6831.1,496.72,79,0,2026-04-09 00:00,2026-04-09 09:37
FL1504,TransIsle Air,Boeing 737,Domestic,On-Time,Capt. Nina Garcia,6.81,11988.6,768.61,63,0,2026-04-03 00:00,2026-04-03 06:48
FL1505,SkyLink Air,ATR 72,International,On-Time,Capt. Nina Ramos,13.36,10988.0,1296.12,336,0,2026-04-01 00:00,2026-03-21 13:21
FL1506,BlueHorizon Airways,ATR 72,International,On-Time,Capt. Nina Garcia,13.65,3169.1,295.01,354,0,2026-03-29 00:00,2026-03-29 13:39
FL1507,BlueHorizon Airways,ATR 72,Domestic,On-Time,Capt. Carlos Torres,7.46,3836.1,747.12,333,0,2026-04-10 00:00,2026-04-10 07:27
FL1508,IslandJet,ATR 72,International,On-Time,Capt. Anna Diaz,3.1,4586.3,1218.21,210,0,2026-03-19 00:00,2026-03-19 03:06
FL1509,IslandJet,Boeing 777,Domestic,On-Time,Capt. Nina Garcia,12.4,5773.2,1563.83,122,0,2026-03-18 00:00,2026-03-18 12:24
FL1510,AeroNova,Airbus A330,Domestic,On-Time,Capt. Paolo Reyes,5.84,5251.5,427.3,257,0,2026-03-26 00:00,2026-03-26 05:50
FL1511,SkyLink Air,Boeing 737,Domestic,Delayed,Capt. Anna Diaz,5.17,9969.5,288.68,213,210,2026-04-10 00:00,2026-04-10 05:10
FL1512,TransIsle Air,Boeing 737,Domestic,On-Time,Capt. Ella Bautista,7.67,6040.5,507.53,181,0,2026-03-17 00:00,2026-03-17 07:40
FL1513,IslandJet,Airbus A320,Domestic,On-Time,Capt. Ella Reyes,9.26,2412.0,1112.57,86,0,2026-03-25 00:00,2026-03-25 09:15
FL1514,PacificWing Airlines,Boeing 777,International,On-Time,Capt. Grace Santos,12.4,3649.6,791.62,140,0,2026-04-09 00:00,2026-04-09 12:24
FL1515,SkyLink Air,Airbus A320,International,Delayed,Capt. Paolo Garcia,13.25,11371.0,231.03,41,40,2026-04-13 00:00,2026-04-13 13:15
FL1516,SkyLink Air,Boeing 777,Domestic,On-Time,Capt. Ella Reyes,4.76,1220.8,918.93,144,0,2026-03-27 00:00,2026-03-27 04:45
FL1517,SkyLink Air,Boeing 777,Domestic,On-Time,Capt. Ella Reyes,6.33,6334.4,390.7,228,0,2026-04-04 00:00,2026-04-04 06:19
FL1518,BlueHorizon Airways,Airbus A320,Domestic,On-Time,Capt. Maria Flores,3.23,1185.0,818.99,254,0,2026-03-17 00:00,2026-03-17 03:13
FL1519,BlueHorizon Airways,Boeing 737,Domestic,On-Time,Capt. Ella Cruz,3.66,5681.0,1783.23,189,0,2026-03-16 00:00,2026-03-16 03:39
FL1520,IslandJet,Airbus A320,Domestic,On-Time,Capt. Anna Garcia,13.72,317.4,212.13,105,0,2026-04-14 00:00,2026-04-14 13:43
FL1521,AeroNova,Boeing 777,Domestic,On-Time,Capt. Paolo Ramos,5.09,10244.6,467.91,128,0,2026-04-10 00:00,2026-04-10 05:05
FL1522,IslandJet,Airbus A320,Domestic,On-Time,Capt. Anna Diaz,2.99,3275.9,347.5,240,0,2026-03-31 00:00,2026-03-31 02:59
FL1523,TransIsle Air,Boeing 737,Domestic,On-Time,Capt. Ramon Santos,1.08,5515.3,198.98,136,0,2026-03-20 00:00,2026-03-20 01:04
FL1524,AeroNova,Boeing 737,International,On-Time,Capt. Paolo Ramos,3.49,11370.7,1189.19,306,0,2026-04-06 00:00,2026-04-06 03:29
FL1525,AeroNova,Airbus A330,Domestic,Delayed,Capt. Carlos Reyes,6.98,6621.8,262.65,250,164,2026-04-05 00:00,2026-04-05 06:58
FL1526,BlueHorizon Airways,Boeing 737,International,Delayed,Capt. Carlos Torres,4.73,9079.0,282.42,179,103,2026-03-16 00:00,2026-03-16 04:43
FL1527,TransIsle Air,Boeing 777,Domestic,On-Time,Capt. Anna Diaz,6.99,4495.7,1304.25,178,0,2026-04-04 00:00,2026-04-04 06:59
FL1528,AeroNova,Airbus A330,International,On-Time,Capt. Jose Cruz,9.53,3622.5,1718.25,325,0,2026-04-13 00:00,2026-04-13 09:31
FL1529,AeroNova,Boeing 777,Domestic,Cancelled,Capt. Maria Ramos,11.3,7095.7,253.45,68,0,2026-03-18 00:00,2026-03-18 11:18
FL1530,IslandJet,ATR 72,Domestic,On-Time,Capt. Carlos Reyes,4.3,7818.4,781.5,161,0,2026-04-08 00:00,2026-04-08 04:18
FL1531,PacificWing Airlines,Airbus A330,Domestic,On-Time,Capt. Victor Flores,0.89,2001.5,835.97,80,0,2026-04-14 00:00,2026-04-14 00:53
FL1532,PacificWing Airlines,Airbus A330,International,Delayed,Capt. Ramon Santos,4.2,6540.4,1127.88,75,39,2026-03-26 00:00,2026-03-26 04:12
FL1533,IslandJet,Boeing 777,International,On-Time,Capt. Nina Ramos,2.9,2748.4,612.23,87,0,2026-03-17 00:00,2026-03-17 02:54
FL1534,BlueHorizon Airways,Airbus A330,Domestic,On-Time,Capt. Carlos Torres,8.89,7956.3,1027.31,189,0,2026-03-21 00:00,2026-03-21 08:53
FL1535,TransIsle Air,Boeing 777,International,On-Time,Capt. Ella Castillo,12.75,6295.2,609.45,349,0,2026-03-24 00:00,2026-03-24 12:45
FL1536,IslandJet,Boeing 737,Domestic,On-Time,Capt. Carlos Reyes,10.91,7135.7,1563.4,366,0,2026-04-02 00:00,2026-04-03 10:54
FL1537,BlueHorizon Airways,Boeing 777,International,Cancelled,Capt. Paolo Reyes,7.03,11958.6,312.75,158,0,2026-03-24 00:00,2026-03-24 07:01
FL1538,BlueHorizon Airways,ATR 72,International,Delayed,Capt. Jose Bautista,6.97,5215.0,940.62,245,131,2026-03-16 00:00,2026-03-16 06:58
FL1539,BlueHorizon Airways,Airbus A320,International,On-Time,Capt. Ella Garcia,0.77,9579.1,730.3,20,0,2026-03-19 00:00,2026-03-19 00:46
FL1540,BlueHorizon Airways,Airbus A330,Domestic,On-Time,Capt. Ella Cruz,0.95,8331.3,808.58,31,0,2026-03-31 00:00,2026-03-31 00:57
FL1541,AeroNova,Boeing 737,Domestic,On-Time,Capt. Nina Ramos,3.87,7033.3,56.1,167,0,2026-03-17 00:00,2026-03-17 03:52
FL1542,PacificWing Airlines,Boeing 737,Domestic,On-Time,Capt. Victor Flores,1.46,10341.1,740.61,120,0,2026-04-12 00:00,2026-04-12 01:27
FL1543,BlueHorizon Airways,ATR 72,Domestic,On-Time,Capt. Paolo Reyes,3.86,5595.6,1733.34,92,0,2026-03-20 00:00,2026-03-20 03:51
FL1544,IslandJet,Boeing 777,Domestic,On-Time,Capt. Anna Flores,13.94,11832.4,1192.75,240,0,2026-04-05 00:00,2026-04-05 13:56
FL1545,TransIsle Air,ATR 72,Domestic,On-Time,Capt. Maria Ramos,10.3,11037.8,1460.99,254,0,2026-04-05 00:00,2026-04-05 10:18
FL1546,TransIsle Air,Airbus A330,Domestic,On-Time,Capt. Nina Ramos,2.31,6695.4,1511.98,280,0,2026-03-18 00:00,2026-03-18 02:18
FL1547,PacificWing Airlines,Airbus A320,Domestic,On-Time,Capt. Ella Garcia,7.51,1363.0,404.86,45,0,2026-04-11 00:00,2026-04-11 07:30
FL1548,SkyLink Air,Boeing 777,International,On-Time,Capt. Anna Diaz,1.93,880.2,832.66,88,0,2026-04-08 00:00,2026-04-08 01:55
FL1549,PacificWing Airlines,Airbus A320,Domestic,On-Time,Capt. Ramon Ramos,9.94,6875.5,370.59,49,0,2026-04-07 00:00,2026-04-07 09:56
FL1550,PacificWing Airlines,Boeing 777,Domestic,Cancelled,Capt. Jose Cruz,1.46,4113.4,313.19,25,0,2026-04-05 00:00,2026-04-05 01:27
FL1551,PacificWing Airlines,ATR 72,Domestic,On-Time,Capt. Maria Diaz,12.28,3181.0,1758.23,268,0,2026-04-09 00:00,2026-04-09 12:16
FL1552,SkyLink Air,Airbus A330,Domestic,Delayed,Capt. Maria Diaz,10.39,10437.6,987.43,245,174,2026-03-16 00:00,2026-03-16 10:23
FL1553,AeroNova,Airbus A330,Domestic,Delayed,Capt. Ella Bautista,11.07,3270.6,1544.63,132,119,2026-04-04 00:00,2026-04-04 11:04
FL1554,AeroNova,Boeing 737,Domestic,Delayed,Capt. Maria Diaz,3.14,6439.5,1530.05,263,76,2026-03-15 00:00,2026-03-15 03:08
FL1555,BlueHorizon Airways,ATR 72,Domestic,On-Time,Capt. Ella Castillo,0.91,10669.0,541.9,365,0,2026-03-17 00:00,2026-03-17 00:54
FL1556,IslandJet,Boeing 737,International,On-Time,Capt. Nina Ramos,9.76,9548.0,1373.42,202,0,2026-03-30 00:00,2026-03-30 09:45
FL1557,TransIsle Air,Airbus A320,Domestic,Delayed,Capt. Victor Santos,6.96,4946.3,1548.57,342,172,2026-04-14 00:00,2026-04-14 06:57
FL1558,TransIsle Air,Boeing 737,Domestic,On-Time,Capt. Jose Bautista,9.95,10774.8,319.26,66,0,2026-03-23 00:00,2026-03-23 09:57
FL1559,TransIsle Air,ATR 72,Domestic,Cancelled,Capt. Paolo Garcia,3.42,923.5,176.49,294,0,2026-04-12 00:00,2026-04-12 03:25
FL1560,PacificWing Airlines,Airbus A330,Domestic,Delayed,Capt. Maria Flores,11.43,8303.5,872.98,211,223,2026-04-02 00:00,2026-04-02 11:25
FL1561,IslandJet,Boeing 777,Domestic,On-Time,Capt. Anna Garcia,13.96,6709.1,649.17,297,0,2026-03-22 00:00,2026-03-22 13:57
FL1562,TransIsle Air,Boeing 777,Domestic,On-Time,Capt. Jose Bautista,8.97,186.3,1132.53,315,0,2026-04-13 00:00,2026-04-13 08:58
FL1563,IslandJet,Boeing 737,International,Delayed,Capt. Carlos Torres,11.14,7479.7,148.4,218,225,2026-03-28 00:00,2026-03-28 11:08
FL1564,PacificWing Airlines,Airbus A320,International,On-Time,Capt. Carlos Reyes,7.94,11056.3,223.6,252,0,2026-04-09 00:00,2026-04-09 07:56
FL1565,SkyLink Air,ATR 72,Domestic,On-Time,Capt. Anna Diaz,1.41,445.6,942.28,26,0,2026-04-13 00:00,2026-04-13 01:24
FL1566,IslandJet,Boeing 777,Domestic,On-Time,Capt. Ella Castillo,2.22,8803.0,1711.61,377,0,2026-04-02 00:00,2026-04-02 02:13
FL1567,AeroNova,ATR 72,Domestic,On-Time,Capt. Maria Flores,12.34,7923.0,136.18,44,0,2026-04-07 00:00,2026-04-07 12:20
FL1568,TransIsle Air,Airbus A330,Domestic,Cancelled,Capt. Jose Cruz,9.84,8939.0,471.08,292,0,2026-03-30 00:00,2026-03-30 09:50
FL1569,TransIsle Air,Boeing 777,Domestic,Cancelled,Capt. Paolo Reyes,9.4,7126.9,302.32,191,0,2026-03-31 00:00,2026-03-31 09:24
FL1570,AeroNova,Airbus A330,Domestic,On-Time,Capt. Ella Bautista,4.33,7147.9,342.82,173,0,2026-04-06 00:00,2026-04-06 04:19
FL1571,SkyLink Air,ATR 72,Domestic,Delayed,Capt. Ramon Santos,3.14,2817.2,872.66,58,65,2026-04-01 00:00,2026-04-06 03:08
FL1572,BlueHorizon Airways,Airbus A320,International,On-Time,Capt. Maria Torres,12.86,2532.0,1379.32,229,0,2026-04-03 00:00,2026-04-10 12:51
FL1573,BlueHorizon Airways,Airbus A330,Domestic,On-Time,Capt. Nina Ramos,9.32,9114.7,320.55,325,0,2026-03-23 00:00,2026-03-23 09:19
FL1574,SkyLink Air,Airbus A330,Domestic,Delayed,Capt. Ramon Diaz,11.27,7207.2,1658.23,191,129,2026-04-03 00:00,2026-04-08 11:16
FL1575,AeroNova,Boeing 737,Domestic,Delayed,Capt. Paolo Ramos,12.31,1935.2,496.07,287,90,2026-03-26 00:00,2026-03-26 12:18
FL1576,IslandJet,Boeing 737,Domestic,On-Time,Capt. Anna Garcia,7.72,3763.7,361.45,205,0,2026-04-13 00:00,2026-04-13 07:43
FL1577,PacificWing Airlines,Boeing 737,Domestic,On-Time,Capt. Ella Castillo,3.58,2956.8,97.36,69,0,2026-04-03 00:00,2026-04-03 03:34
FL1578,SkyLink Air,Boeing 737,Domestic,Delayed,Capt. Anna Garcia,12.68,9970.5,459.69,224,84,2026-04-13 00:00,2026-04-13 12:40
FL1579,PacificWing Airlines,Boeing 737,International,On-Time,Capt. Jose Cruz,4.57,10957.1,237.41,345,0,2026-03-24 00:00,2026-03-24 04:34
FL1580,PacificWing Airlines,Airbus A330,Domestic,On-Time,Capt. Maria Torres,5.65,11687.9,1191.73,323,0,2026-03-29 00:00,2026-03-29 05:39
FL1581,BlueHorizon Airways,Boeing 777,Domestic,On-Time,Capt. Maria Diaz,7.63,682.6,1492.0,282,0,2026-04-11 00:00,2026-04-11 07:37
FL1582,PacificWing Airlines,ATR 72,Domestic,On-Time,Capt. Ella Garcia,6.1,2111.5,1200.72,74,0,2026-03-28 00:00,2026-03-28 06:06
FL1583,TransIsle Air,Boeing 737,Domestic,Delayed,Capt. Grace Santos,3.68,6023.5,1193.77,34,238,2026-04-01 00:00,2026-04-14 03:40
FL1584,AeroNova,ATR 72,Domestic,Delayed,Capt. Ella Garcia,3.71,9516.4,468.81,248,135,2026-03-26 00:00,2026-03-26 03:42
FL1585,PacificWing Airlines,Airbus A320,Domestic,Delayed,Capt. Carlos Reyes,4.28,6370.3,1537.51,212,209,2026-03-27 00:00,2026-03-27 04:16
FL1586,TransIsle Air,Airbus A320,Domestic,On-Time,Capt. Anna Flores,1.95,6002.8,1547.62,52,0,2026-03-21 00:00,2026-03-21 01:57
FL1587,IslandJet,Boeing 777,Domestic,On-Time,Capt. Anna Garcia,0.75,4860.1,767.46,67,0,2026-04-07 00:00,2026-04-07 00:45
FL1588,PacificWing Airlines,Boeing 777,Domestic,On-Time,Capt. Ella Castillo,10.71,10547.5,259.14,232,0,2026-04-10 00:00,2026-04-10 10:42
FL1589,TransIsle Air,Boeing 737,International,On-Time,Capt. Maria Flores,4.55,1154.6,771.22,108,0,2026-03-18 00:00,2026-03-18 04:33
FL1590,SkyLink Air,Airbus A330,International,Delayed,Capt. Maria Flores,11.98,2927.2,1011.58,265,189,2026-04-13 00:00,2026-04-13 11:58
FL1591,IslandJet,ATR 72,Domestic,On-Time,Capt. Ramon Ramos,4.78,1217.2,1214.21,170,0,2026-04-04 00:00,2026-04-04 04:46
FL1592,TransIsle Air,Airbus A320,Domestic,On-Time,Capt. Nina Ramos,2.41,5997.6,668.94,376,0,2026-04-10 00:00,2026-04-10 02:24
FL1593,PacificWing Airlines,Airbus A320,Domestic,On-Time,Capt. Paolo Ramos,13.73,985.3,1244.15,104,0,2026-03-31 00:00,2026-03-31 13:43
FL1594,SkyLink Air,Boeing 777,International,On-Time,Capt. Ella Bautista,9.62,440.1,1280.06,280,0,2026-03-15 00:00,2026-03-15 09:37
FL1595,TransIsle Air,ATR 72,Domestic,On-Time,Capt. Jose Bautista,3.78,7977.9,1370.07,96,0,2026-04-04 00:00,2026-04-04 03:46
FL1596,BlueHorizon Airways,Boeing 737,International,On-Time,Capt. Nina Garcia,7.98,4465.7,1534.41,78,0,2026-03-16 00:00,2026-03-16 07:58
FL1597,PacificWing Airlines,ATR 72,Domestic,On-Time,Capt. Ella Bautista,11.59,8183.2,1432.51,360,0,2026-04-10 00:00,2026-04-10 11:35
FL1598,BlueHorizon Airways,Boeing 777,Domestic,On-Time,Capt. Nina Ramos,13.75,7778.5,1595.63,348,0,2026-04-10 00:00,2026-04-10 13:45
FL1599,SkyLink Air,Boeing 737,Domestic,Delayed,Capt. Maria Torres,7.21,5300.1,364.09,372,67,2026-04-10 00:00,2026-04-10 07:12
FL1600,PacificWing Airlines,Boeing 737,International,On-Time,Capt. Carlos Torres,5.86,7872.6,1273.36,288,0,2026-04-12 00:00,2026-04-12 05:51
FL1601,IslandJet,Airbus A320,International,On-Time,Capt. Maria Diaz,12.07,3748.2,1229.92,331,0,2026-03-24 00:00,2026-03-24 12:04
FL1602,AeroNova,Airbus A330,Domestic,On-Time,Capt. Maria Torres,4.86,5442.2,943.89,121,0,2026-04-06 00:00,2026-04-06 04:51
FL1603,TransIsle Air,ATR 72,Domestic,On-Time,Capt. Victor Flores,13.17,10216.1,625.77,244,0,2026-03-21 00:00,2026-03-21 13:10
FL1604,PacificWing Airlines,Airbus A320,Domestic,On-Time,Capt. Ramon Ramos,4.08,3364.6,1183.14,365,0,2026-03-29 00:00,2026-03-29 04:04
FL1605,PacificWing Airlines,Airbus A320,Domestic,On-Time,Capt. Ramon Santos,5.09,161.0,876.46,92,0,2026-03-16 00:00,2026-03-16 05:05
FL1606,SkyLink Air,Boeing 777,Domestic,Cancelled,Capt. Carlos Torres,4.18,3823.5,858.8,92,0,2026-03-28 00:00,2026-03-28 04:10
FL1607,IslandJet,Airbus A320,Domestic,On-Time,Capt. Jose Bautista,11.34,10602.7,233.43,333,0,2026-04-10 00:00,2026-04-10 11:20
FL1608,BlueHorizon Airways,ATR 72,Domestic,On-Time,Capt. Carlos Torres,2.6,1134.5,1061.59,57,0,2026-04-14 00:00,2026-04-14 02:36
FL1609,AeroNova,ATR 72,Domestic,On-Time,Capt. Maria Ramos,11.45,3781.8,106.28,76,0,2026-03-27 00:00,2026-03-27 11:27
FL1610,PacificWing Airlines,Airbus A320,Domestic,On-Time,Capt. Maria Torres,9.41,1069.0,1579.99,278,0,2026-04-10 00:00,2026-04-10 09:24
FL1611,IslandJet,Boeing 777,Domestic,Delayed,Capt. Maria Flores,1.13,3533.3,840.16,171,91,2026-04-13 00:00,2026-04-13 01:07
FL1612,IslandJet,Boeing 737,International,On-Time,Capt. Jose Bautista,10.34,4889.4,1218.37,327,0,2026-04-10 00:00,2026-04-10 10:20
FL1613,AeroNova,ATR 72,International,On-Time,Capt. Carlos Reyes,6.96,5415.7,645.76,336,0,2026-03-28 00:00,2026-03-28 06:57
FL1614,IslandJet,Airbus A320,Domestic,On-Time,Capt. Nina Ramos,2.31,4254.9,1437.73,80,0,2026-03-26 00:00,2026-03-26 02:18
FL1615,AeroNova,Airbus A330,Domestic,Delayed,Capt. Nina Garcia,8.76,7145.9,934.1,144,70,2026-03-29 00:00,2026-03-29 08:45
FL1616,SkyLink Air,Boeing 777,Domestic,On-Time,Capt. Ramon Diaz,6.53,981.4,635.75,275,0,2026-03-25 00:00,2026-03-25 06:31
FL1617,IslandJet,Airbus A330,Domestic,On-Time,Capt. Paolo Reyes,4.0,4217.7,460.37,349,0,2026-04-08 00:00,2026-04-08 04:00
FL1618,TransIsle Air,Airbus A320,Domestic,On-Time,Capt. Ella Cruz,10.57,7714.3,412.55,26,0,2026-04-11 00:00,2026-04-11 10:34
FL1619,BlueHorizon Airways,Airbus A320,Domestic,On-Time,Capt. Ramon Santos,11.02,7463.0,1569.89,179,0,2026-03-21 00:00,2026-03-21 11:01
FL1620,SkyLink Air,Airbus A320,Domestic,On-Time,Capt. Anna Flores,3.16,11100.9,1001.28,190,0,2026-04-12 00:00,2026-04-12 03:09
FL1621,TransIsle Air,ATR 72,Domestic,On-Time,Capt. Ella Garcia,13.86,11075.3,935.35,201,0,2026-03-27 00:00,2026-03-27 13:51
FL1622,AeroNova,Airbus A320,Domestic,On-Time,Capt. Ella Castillo,4.18,8556.5,1175.37,113,0,2026-03-20 00:00,2026-03-20 04:10
FL1623,TransIsle Air,Airbus A320,Domestic,On-Time,Capt. Ella Bautista,0.56,1120.8,528.79,175,0,2026-03-27 00:00,2026-03-27 00:33
FL1624,BlueHorizon Airways,ATR 72,Domestic,Cancelled,Capt. Carlos Torres,4.67,11608.3,1568.37,78,0,2026-04-07 00:00,2026-04-07 04:40
FL1625,SkyLink Air,Boeing 777,Domestic,On-Time,Capt. Nina Garcia,10.62,3399.6,1721.7,26,0,2026-03-24 00:00,2026-03-24 10:37
FL1626,PacificWing Airlines,Airbus A330,International,On-Time,Capt. Ramon Ramos,2.95,9132.3,811.68,76,0,2026-03-30 00:00,2026-03-30 02:57
FL1627,AeroNova,ATR 72,International,On-Time,Capt. Grace Santos,1.12,7197.2,810.61,167,0,2026-03-21 00:00,2026-03-21 01:07
FL1628,BlueHorizon Airways,ATR 72,International,On-Time,Capt. Ella Bautista,7.49,5222.1,72.93,99,0,2026-03-27 00:00,2026-03-27 07:29
FL1629,TransIsle Air,Airbus A330,International,On-Time,Capt. Ramon Ramos,7.26,8029.1,1280.58,118,0,2026-03-22 00:00,2026-03-22 07:15
FL1630,AeroNova,ATR 72,International,On-Time,Capt. Nina Ramos,5.93,10921.3,1086.79,55,0,2026-04-14 00:00,2026-04-14 05:55
FL1631,PacificWing Airlines,Boeing 777,Domestic,Delayed,Capt. Nina Garcia,9.71,277.4,260.81,315,54,2026-03-24 00:00,2026-03-24 09:42
FL1632,BlueHorizon Airways,Boeing 737,Domestic,On-Time,Capt. Ramon Diaz,12.37,3722.3,287.01,162,0,2026-03-19 00:00,2026-03-19 12:22
FL1633,SkyLink Air,Boeing 737,International,Delayed,Capt. Ella Cruz,2.34,1635.1,197.24,310,162,2026-03-18 00:00,2026-03-18 02:20
FL1634,TransIsle Air,Boeing 777,Domestic,On-Time,Capt. Anna Garcia,6.75,6139.0,1600.31,122,0,2026-03-19 00:00,2026-03-19 06:45
FL1635,TransIsle Air,Airbus A320,Domestic,On-Time,Capt. Paolo Reyes,10.97,5394.0,1160.01,105,0,2026-03-23 00:00,2026-03-23 10:58
FL1636,AeroNova,Boeing 737,Domestic,On-Time,Capt. Ella Castillo,3.8,6719.9,434.44,226,0,2026-03-25 00:00,2026-03-25 03:48
FL1637,BlueHorizon Airways,Airbus A320,Domestic,On-Time,Capt. Carlos Reyes,5.73,4182.6,1554.04,236,0,2026-04-05 00:00,2026-04-05 05:43
FL1638,TransIsle Air,ATR 72,International,On-Time,Capt. Paolo Reyes,1.97,2816.5,537.32,190,0,2026-03-18 00:00,2026-03-18 01:58
FL1639,PacificWing Airlines,Airbus A330,Domestic,On-Time,Capt. Maria Flores,4.13,10682.1,1435.65,202,0,2026-03-28 00:00,2026-03-28 04:07
FL1640,AeroNova,ATR 72,International,On-Time,Capt. Ella Garcia,4.39,6930.1,1588.41,204,0,2026-04-06 00:00,2026-04-06 04:23
FL1641,IslandJet,Airbus A320,Domestic,On-Time,Capt. Ella Cruz,9.71,11302.9,613.58,159,0,2026-03-18 00:00,2026-03-18 09:42
FL1642,IslandJet,Airbus A330,Domestic,On-Time,Capt. Carlos Torres,10.61,4767.6,327.46,282,0,2026-03-17 00:00,2026-03-17 10:36
FL1643,PacificWing Airlines,Boeing 737,Domestic,On-Time,Capt. Victor Flores,12.38,8642.5,548.14,194,0,2026-03-23 00:00,2026-03-23 12:22
FL1644,PacificWing Airlines,Boeing 737,Domestic,Delayed,Capt. Victor Flores,9.0,4461.0,1316.25,75,106,2026-03-31 00:00,2026-03-31 09:00
FL1645,AeroNova,Airbus A320,Domestic,Delayed,Capt. Paolo Garcia,3.04,6448.3,1450.18,374,157,2026-04-14 00:00,2026-04-14 03:02
FL1646,BlueHorizon Airways,Boeing 777,Domestic,On-Time,Capt. Maria Ramos,11.07,8940.6,462.53,336,0,2026-03-16 00:00,2026-03-16 11:04
FL1647,AeroNova,ATR 72,Domestic,On-Time,Capt. Grace Santos,3.58,8618.5,323.6,149,0,2026-04-14 00:00,2026-04-14 03:34
FL1648,SkyLink Air,Boeing 737,Domestic,On-Time,Capt. Anna Diaz,7.07,4539.8,603.53,229,0,2026-04-05 00:00,2026-04-05 07:04
FL1649,IslandJet,Airbus A320,Domestic,On-Time,Capt. Maria Ramos,8.89,7048.7,768.02,334,0,2026-03-15 00:00,2026-03-15 08:53
FL1650,PacificWing Airlines,ATR 72,International,Delayed,Capt. Carlos Reyes,3.31,3832.3,326.89,100,119,2026-03-16 00:00,2026-03-16 03:18
FL1651,PacificWing Airlines,Airbus A330,International,On-Time,Capt. Victor Santos,4.99,1371.7,57.07,143,0,2026-03-22 00:00,2026-03-22 04:59
FL1652,BlueHorizon Airways,Airbus A330,Domestic,On-Time,Capt. Carlos Torres,10.0,5733.1,664.84,80,0,2026-04-10 00:00,2026-04-10 10:00
FL1653,BlueHorizon Airways,Boeing 737,Domestic,On-Time,Capt. Carlos Reyes,3.45,669.7,816.48,255,0,2026-04-01 00:00,2026-04-01 03:27
FL1654,AeroNova,Boeing 737,Domestic,Delayed,Capt. Anna Diaz,9.29,2571.7,1319.53,291,137,2026-04-07 00:00,2026-04-07 09:17
FL1655,IslandJet,Airbus A330,Domestic,On-Time,Capt. Ella Reyes,4.43,11045.8,1519.08,177,0,2026-03-21 00:00,2026-03-21 04:25
FL1656,TransIsle Air,Boeing 737,Domestic,On-Time,Capt. Paolo Garcia,9.0,3967.0,1083.97,205,0,2026-03-31 00:00,2026-03-31 09:00
FL1657,SkyLink Air,Boeing 777,Domestic,Delayed,Capt. Ramon Santos,0.6,2498.3,1617.01,296,30,2026-03-15 00:00,2026-03-15 00:36
FL1658,PacificWing Airlines,Boeing 737,Domestic,Delayed,Capt. Maria Diaz,12.44,4865.7,476.35,74,43,2026-03-20 00:00,2026-03-20 12:26
FL1659,SkyLink Air,Boeing 777,Domestic,Delayed,Capt. Maria Flores,3.6,5147.0,1025.28,297,232,2026-04-14 00:00,2026-04-14 03:36
FL1660,SkyLink Air,Airbus A330,Domestic,On-Time,Capt. Maria Flores,11.53,807.5,340.93,236,0,2026-03-18 00:00,2026-03-18 11:31
FL1661,SkyLink Air,Boeing 737,Domestic,On-Time,Capt. Carlos Torres,4.58,7539.4,672.39,159,0,2026-04-06 00:00,2026-04-06 04:34
FL1662,AeroNova,Boeing 737,Domestic,On-Time,Capt. Ella Reyes,7.29,11814.1,436.93,202,0,2026-03-23 00:00,2026-03-23 07:17
FL1663,AeroNova,ATR 72,Domestic,On-Time,Capt. Paolo Ramos,2.52,7039.0,776.31,149,0,2026-03-27 00:00,2026-03-27 02:31
FL1664,BlueHorizon Airways,Boeing 777,Domestic,On-Time,Capt. Carlos Reyes,13.1,3592.1,768.46,357,0,2026-03-16 00:00,2026-03-16 13:06
FL1665,IslandJet,Airbus A320,Domestic,On-Time,Capt. Maria Flores,5.14,8319.2,1174.28,238,0,2026-03-15 00:00,2026-03-15 05:08
FL1666,IslandJet,Boeing 737,Domestic,On-Time,Capt. Ella Garcia,12.13,9931.8,835.7,241,0,2026-04-09 00:00,2026-04-09 12:07
FL1667,SkyLink Air,Boeing 777,Domestic,On-Time,Capt. Nina Garcia,4.39,7404.0,1367.16,142,0,2026-04-10 00:00,2026-04-10 04:23
FL1668,BlueHorizon Airways,ATR 72,Domestic,Delayed,Capt. Carlos Reyes,2.08,6147.9,1137.72,221,55,2026-04-13 00:00,2026-04-13 02:04
FL1669,IslandJet,Airbus A330,Domestic,On-Time,Capt. Victor Flores,6.33,2683.7,1653.8,178,0,2026-03-24 00:00,2026-03-24 06:19
FL1670,TransIsle Air,Boeing 777,Domestic,On-Time,Capt. Victor Santos,4.55,10512.9,922.56,209,0,2026-03-30 00:00,2026-03-30 04:33
FL1671,AeroNova,ATR 72,Domestic,On-Time,Capt. Ella Cruz,1.04,3929.8,1676.14,222,0,2026-03-16 00:00,2026-03-16 01:02
FL1672,IslandJet,Airbus A330,International,Delayed,Capt. Carlos Reyes,11.77,7952.4,199.38,119,89,2026-03-23 00:00,2026-03-23 11:46
FL1673,AeroNova,Boeing 737,Domestic,On-Time,Capt. Anna Garcia,3.43,7135.9,843.93,48,0,2026-04-14 00:00,2026-04-14 03:25
FL1674,SkyLink Air,ATR 72,Domestic,Delayed,Capt. Nina Ramos,13.88,8841.9,687.98,127,127,2026-03-24 00:00,2026-03-24 13:52
FL1675,BlueHorizon Airways,Boeing 777,Domestic,On-Time,Capt. Paolo Ramos,2.18,705.3,351.06,321,0,2026-04-07 00:00,2026-04-07 02:10
FL1676,SkyLink Air,Airbus A320,Domestic,On-Time,Capt. Ella Bautista,3.09,7946.0,720.52,231,0,2026-04-11 00:00,2026-04-11 03:05
FL1677,SkyLink Air,ATR 72,Domestic,On-Time,Capt. Paolo Ramos,9.6,10754.8,1049.72,210,0,2026-03-15 00:00,2026-03-15 09:36
FL1678,BlueHorizon Airways,Airbus A320,International,On-Time,Capt. Maria Ramos,9.7,11694.5,822.56,116,0,2026-04-07 00:00,2026-04-07 09:42
FL1679,TransIsle Air,Boeing 737,Domestic,On-Time,Capt. Nina Garcia,10.67,5591.2,343.57,81,0,2026-04-04 00:00,2026-03-25 10:40
FL1680,SkyLink Air,Airbus A320,Domestic,Delayed,Capt. Carlos Torres,1.2,3054.4,1734.53,182,19,2026-04-03 00:00,2026-04-03 01:12
FL1681,TransIsle Air,Boeing 737,Domestic,On-Time,Capt. Paolo Reyes,5.96,3620.2,260.29,198,0,2026-04-07 00:00,2026-04-07 05:57
FL1682,AeroNova,Airbus A320,Domestic,On-Time,Capt. Jose Bautista,8.07,1781.0,52.81,179,0,2026-03-18 00:00,2026-03-18 08:04
FL1683,SkyLink Air,ATR 72,Domestic,Delayed,Capt. Jose Cruz,3.68,8592.9,1145.25,165,58,2026-03-26 00:00,2026-03-26 03:40
FL1684,PacificWing Airlines,Boeing 777,Domestic,On-Time,Capt. Ella Castillo,1.95,3625.3,581.93,344,0,2026-04-06 00:00,2026-04-06 01:57
FL1685,SkyLink Air,Airbus A330,Domestic,Delayed,Capt. Ramon Santos,6.72,9889.2,886.18,57,72,2026-03-23 00:00,2026-03-23 06:43
FL1686,AeroNova,Boeing 777,International,Delayed,Capt. Maria Flores,3.98,5161.4,793.74,236,28,2026-04-04 00:00,2026-04-04 03:58
FL1687,PacificWing Airlines,Airbus A330,International,On-Time,Capt. Maria Diaz,9.29,4516.3,132.29,283,0,2026-03-31 00:00,2026-03-31 09:17
FL1688,AeroNova,Airbus A330,International,Delayed,Capt. Ella Reyes,12.24,9929.0,1553.79,168,46,2026-03-25 00:00,2026-03-25 12:14
FL1689,TransIsle Air,Boeing 777,Domestic,On-Time,Capt. Ella Castillo,10.71,11497.5,576.17,283,0,2026-03-26 00:00,2026-03-26 10:42
FL1690,TransIsle Air,Boeing 777,International,On-Time,Capt. Maria Torres,5.61,6724.7,584.02,201,0,2026-04-14 00:00,2026-04-14 05:36
FL1691,BlueHorizon Airways,ATR 72,Domestic,Delayed,Capt. Ella Reyes,4.98,7064.4,1784.9,294,187,2026-04-02 00:00,2026-04-02 04:58
FL1692,PacificWing Airlines,Boeing 777,Domestic,On-Time,Capt. Ramon Santos,4.04,8752.6,633.71,78,0,2026-04-03 00:00,2026-04-03 04:02
FL1693,BlueHorizon Airways,Boeing 737,Domestic,Cancelled,Capt. Ella Reyes,9.04,5191.2,485.35,121,0,2026-03-15 00:00,2026-03-15 09:02
FL1694,AeroNova,Airbus A320,Domestic,On-Time,Capt. Paolo Reyes,9.12,11027.6,759.08,295,0,2026-04-14 00:00,2026-04-14 09:07
FL1695,TransIsle Air,ATR 72,Domestic,On-Time,Capt. Anna Flores,1.67,1884.7,1101.99,72,0,2026-03-25 00:00,2026-03-25 01:40
FL1696,TransIsle Air,Airbus A330,International,On-Time,Capt. Carlos Reyes,6.41,3074.1,327.25,165,0,2026-03-22 00:00,2026-03-22 06:24
FL1697,IslandJet,Boeing 777,Domestic,Delayed,Capt. Anna Diaz,10.97,4175.3,119.31,119,141,2026-03-26 00:00,2026-03-26 10:58
FL1698,TransIsle Air,Boeing 737,International,On-Time,Capt. Ella Cruz,8.36,9022.5,1214.14,294,0,2026-04-03 00:00,2026-04-03 08:21
FL1699,BlueHorizon Airways,Boeing 777,International,Delayed,Capt. Victor Flores,12.83,11150.4,1090.34,137,134,2026-03-21 00:00,2026-03-21 12:49
FL1700,BlueHorizon Airways,Airbus A320,Domestic,Delayed,Capt. Grace Santos,5.41,10817.2,1597.29,173,108,2026-03-27 00:00,2026-03-27 05:24
FL1701,IslandJet,Airbus A320,Domestic,Delayed,Capt. Jose Cruz,6.28,11964.8,98.03,233,24,2026-04-13 00:00,2026-04-13 06:16
FL1702,PacificWing Airlines,Boeing 737,International,On-Time,Capt. Maria Diaz,9.28,9974.1,429.55,97,0,2026-04-02 00:00,2026-04-02 09:16
FL1703,IslandJet,Boeing 737,International,On-Time,Capt. Anna Diaz,11.08,1169.1,379.79,165,0,2026-04-09 00:00,2026-04-09 11:04
FL1704,AeroNova,Boeing 737,International,On-Time,Capt. Anna Garcia,13.06,5289.8,767.44,186,0,2026-03-29 00:00,2026-03-29 13:03
FL1705,PacificWing Airlines,Airbus A320,International,On-Time,Capt. Ella Cruz,4.9,2534.3,719.29,284,0,2026-03-24 00:00,2026-03-24 04:54
FL1706,AeroNova,Airbus A320,Domestic,Delayed,Capt. Maria Diaz,7.96,9844.6,514.72,59,128,2026-03-19 00:00,2026-03-19 07:57
FL1707,IslandJet,Boeing 777,Domestic,On-Time,Capt. Anna Flores,4.97,11525.3,304.31,31,0,2026-04-08 00:00,2026-04-08 04:58
FL1708,AeroNova,Boeing 777,Domestic,On-Time,Capt. Jose Bautista,5.69,11199.8,1178.71,352,0,2026-03-16 00:00,2026-03-16 05:41
FL1709,BlueHorizon Airways,Airbus A320,Domestic,Delayed,Capt. Anna Flores,11.53,7947.7,794.27,152,48,2026-04-13 00:00,2026-04-13 11:31
FL1710,PacificWing Airlines,Airbus A320,Domestic,Delayed,Capt. Ella Reyes,1.74,1680.6,1469.84,77,122,2026-04-06 00:00,2026-04-06 01:44
FL1711,AeroNova,Boeing 737,International,Cancelled,Capt. Paolo Reyes,10.47,6518.2,827.03,146,0,2026-04-09 00:00,2026-04-09 10:28
FL1712,TransIsle Air,Airbus A320,International,Delayed,Capt. Paolo Garcia,8.26,2262.2,1178.64,210,16,2026-03-16 00:00,2026-03-16 08:15
FL1713,PacificWing Airlines,Boeing 777,Domestic,On-Time,Capt. Grace Santos,1.36,8918.3,141.88,135,0,2026-03-28 00:00,2026-03-28 01:21
FL1714,TransIsle Air,Airbus A330,Domestic,On-Time,Capt. Paolo Reyes,11.25,895.7,1702.56,247,0,2026-04-09 00:00,2026-04-09 11:15
FL1715,PacificWing Airlines,ATR 72,Domestic,On-Time,Capt. Victor Santos,9.72,6941.2,1798.0,293,0,2026-04-08 00:00,2026-04-08 09:43
FL1716,TransIsle Air,Boeing 737,International,On-Time,Capt. Ramon Diaz,0.5,10584.2,296.28,348,0,2026-03-15 00:00,2026-03-15 00:30
FL1717,AeroNova,ATR 72,Domestic,On-Time,Capt. Victor Flores,10.57,3982.5,1555.05,147,0,2026-04-03 00:00,2026-04-03 10:34
FL1718,PacificWing Airlines,Airbus A320,Domestic,On-Time,Capt. Nina Garcia,13.52,6155.9,242.82,81,0,2026-03-22 00:00,2026-03-22 13:31
FL1719,BlueHorizon Airways,Airbus A320,Domestic,On-Time,Capt. Maria Diaz,12.31,9463.7,1083.06,183,0,2026-03-29 00:00,2026-03-29 12:18
FL1720,IslandJet,Boeing 737,Domestic,On-Time,Capt. Victor Santos,7.75,2236.1,383.26,373,0,2026-03-18 00:00,2026-03-18 07:45
FL1721,SkyLink Air,Boeing 737,Domestic,On-Time,Capt. Anna Diaz,8.2,8131.2,539.38,326,0,2026-03-28 00:00,2026-03-28 08:12
FL1722,SkyLink Air,ATR 72,International,On-Time,Capt. Paolo Ramos,4.64,10121.0,955.52,143,0,2026-04-12 00:00,2026-04-12 04:38
FL1723,AeroNova,Boeing 737,Domestic,Delayed,Capt. Ramon Ramos,11.83,162.5,1732.99,152,93,2026-04-09 00:00,2026-04-09 11:49
FL1724,BlueHorizon Airways,Airbus A320,Domestic,On-Time,Capt. Ramon Santos,8.58,11663.2,1136.03,296,0,2026-04-04 00:00,2026-04-04 08:34
FL1725,TransIsle Air,Airbus A320,Domestic,On-Time,Capt. Paolo Garcia,6.64,7995.7,1587.65,83,0,2026-04-04 00:00,2026-04-04 06:38
FL1726,PacificWing Airlines,Boeing 737,International,On-Time,Capt. Maria Diaz,4.99,4461.6,222.61,116,0,2026-04-10 00:00,2026-04-10 04:59
FL1727,BlueHorizon Airways,Boeing 777,Domestic,On-Time,Capt. Paolo Ramos,13.09,10569.0,304.8,89,0,2026-04-04 00:00,2026-03-20 13:05
FL1728,TransIsle Air,Boeing 737,Domestic,Delayed,Capt. Grace Santos,7.27,8169.4,1537.96,373,19,2026-04-09 00:00,2026-04-09 07:16
FL1729,IslandJet,Airbus A330,International,On-Time,Capt. Jose Cruz,9.93,8643.0,1713.28,94,0,2026-04-06 00:00,2026-04-06 09:55
FL1730,TransIsle Air,Boeing 777,Domestic,On-Time,Capt. Paolo Garcia,4.48,7077.7,61.56,304,0,2026-04-01 00:00,2026-04-01 04:28
FL1731,SkyLink Air,Airbus A330,Domestic,Delayed,Capt. Ella Bautista,9.05,6450.1,163.12,190,143,2026-04-12 00:00,2026-04-12 09:03
FL1732,TransIsle Air,Airbus A330,Domestic,On-Time,Capt. Ella Castillo,12.79,7235.7,798.16,125,0,2026-03-23 00:00,2026-03-23 12:47
FL1733,PacificWing Airlines,ATR 72,Domestic,Delayed,Capt. Victor Flores,1.14,2838.1,817.99,50,191,2026-04-05 00:00,2026-04-05 01:08
FL1734,BlueHorizon Airways,Airbus A330,Domestic,Delayed,Capt. Ramon Santos,8.68,7432.6,63.25,250,80,2026-04-09 00:00,2026-04-09 08:40
FL1735,SkyLink Air,Airbus A320,Domestic,Delayed,Capt. Anna Diaz,10.42,2280.3,783.39,171,151,2026-04-11 00:00,2026-04-11 10:25
FL1736,SkyLink Air,Airbus A330,Domestic,Delayed,Capt. Ramon Diaz,2.03,720.1,1032.54,80,64,2026-03-19 00:00,2026-03-19 02:01
FL1737,AeroNova,Boeing 737,Domestic,Delayed,Capt. Paolo Garcia,11.26,7027.8,187.62,376,26,2026-03-27 00:00,2026-03-27 11:15
FL1738,AeroNova,Boeing 777,Domestic,Delayed,Capt. Ella Castillo,2.97,3571.6,401.12,274,44,2026-03-28 00:00,2026-03-28 02:58
FL1739,IslandJet,Boeing 777,Domestic,On-Time,Capt. Ramon Santos,11.29,6411.2,273.23,25,0,2026-04-04 00:00,2026-04-12 11:17
FL1740,PacificWing Airlines,Airbus A330,International,On-Time,Capt. Carlos Torres,9.9,10012.6,1124.66,229,0,2026-03-16 00:00,2026-03-16 09:54
FL1741,PacificWing Airlines,Airbus A330,International,On-Time,Capt. Ella Castillo,5.38,7000.0,1369.03,79,0,2026-04-10 00:00,2026-04-10 05:22
FL1742,AeroNova,ATR 72,Domestic,On-Time,Capt. Maria Diaz,12.21,5133.7,71.66,292,0,2026-03-26 00:00,2026-03-26 12:12
FL1743,TransIsle Air,Boeing 737,Domestic,Delayed,Capt. Ramon Santos,3.14,6482.9,1546.59,79,38,2026-03-17 00:00,2026-03-17 03:08
FL1744,BlueHorizon Airways,ATR 72,International,On-Time,Capt. Ella Castillo,4.43,9910.5,215.61,39,0,2026-04-07 00:00,2026-04-07 04:25
FL1745,SkyLink Air,Airbus A320,International,On-Time,Capt. Nina Ramos,10.74,10095.7,146.13,243,0,2026-04-09 00:00,2026-04-09 10:44
FL1746,PacificWing Airlines,ATR 72,International,On-Time,Capt. Victor Flores,10.93,2499.8,1495.06,57,0,2026-04-03 00:00,2026-04-03 10:55
FL1747,TransIsle Air,Boeing 777,Domestic,On-Time,Capt. Carlos Reyes,1.83,962.4,1604.87,378,0,2026-03-21 00:00,2026-03-21 01:49
FL1748,TransIsle Air,Boeing 737,International,On-Time,Capt. Jose Cruz,12.4,3414.8,1600.63,127,0,2026-04-08 00:00,2026-04-08 12:24
FL1749,IslandJet,Airbus A330,Domestic,On-Time,Capt. Ella Reyes,12.59,8066.2,1649.18,80,0,2026-03-19 00:00,2026-03-19 12:35
FL1750,TransIsle Air,Boeing 777,International,On-Time,Capt. Anna Flores,10.21,951.5,366.41,264,0,2026-03-26 00:00,2026-03-26 10:12
FL1751,TransIsle Air,Boeing 737,Domestic,Cancelled,Capt. Anna Garcia,13.58,9152.1,1366.31,90,0,2026-04-12 00:00,2026-04-12 13:34
FL1752,IslandJet,Airbus A330,Domestic,On-Time,Capt. Anna Garcia,8.73,1098.2,1643.62,39,0,2026-03-17 00:00,2026-03-17 08:43
FL1753,IslandJet,Boeing 777,Domestic,On-Time,Capt. Nina Ramos,13.08,7453.2,661.99,319,0,2026-03-25 00:00,2026-03-25 13:04
FL1754,PacificWing Airlines,ATR 72,Domestic,Delayed,Capt. Ramon Santos,11.32,595.0,1287.23,260,204,2026-04-07 00:00,2026-04-07 11:19
FL1755,AeroNova,ATR 72,International,On-Time,Capt. Maria Diaz,10.27,10412.8,472.46,187,0,2026-04-01 00:00,2026-04-01 10:16
FL1756,IslandJet,ATR 72,Domestic,Delayed,Capt. Carlos Reyes,12.37,8334.9,277.45,315,180,2026-03-17 00:00,2026-03-17 12:22
FL1757,SkyLink Air,Boeing 777,International,On-Time,Capt. Ramon Santos,10.92,7966.1,740.24,340,0,2026-03-20 00:00,2026-03-20 10:55
FL1758,BlueHorizon Airways,Boeing 777,International,Delayed,Capt. Ella Bautista,8.67,8507.4,1502.26,152,180,2026-03-27 00:00,2026-03-27 08:40
FL1759,IslandJet,Airbus A320,International,On-Time,Capt. Ella Bautista,10.69,6355.0,1438.12,277,0,2026-03-16 00:00,2026-03-16 10:41
FL1760,PacificWing Airlines,Boeing 737,International,On-Time,Capt. Nina Ramos,3.23,10169.4,1310.21,61,0,2026-03-22 00:00,2026-03-22 03:13
FL1761,AeroNova,Boeing 777,Domestic,On-Time,Capt. Anna Flores,5.44,9533.2,1222.5,209,0,2026-03-20 00:00,2026-03-20 05:26
FL1762,PacificWing Airlines,Boeing 777,Domestic,On-Time,Capt. Ramon Santos,4.99,10506.8,944.64,338,0,2026-04-11 00:00,2026-04-11 04:59
FL1763,TransIsle Air,Boeing 737,Domestic,On-Time,Capt. Victor Flores,3.18,5628.0,1605.54,224,0,2026-03-29 00:00,2026-03-29 03:10
FL1764,TransIsle Air,ATR 72,Domestic,Delayed,Capt. Jose Bautista,3.46,10383.7,86.59,365,222,2026-04-05 00:00,2026-04-05 03:27
FL1765,BlueHorizon Airways,Boeing 777,Domestic,Delayed,Capt. Ella Bautista,1.09,3141.5,1100.88,225,204,2026-03-22 00:00,2026-03-22 01:05
FL1766,IslandJet,Airbus A330,International,Delayed,Capt. Jose Cruz,9.22,8629.2,270.16,97,238,2026-03-15 00:00,2026-03-15 09:13
FL1767,BlueHorizon Airways,Airbus A320,Domestic,On-Time,Capt. Grace Santos,9.1,5811.8,1110.96,79,0,2026-03-21 00:00,2026-03-21 09:06
FL1768,PacificWing Airlines,Boeing 737,Domestic,On-Time,Capt. Jose Cruz,10.12,9454.7,1729.47,148,0,2026-03-28 00:00,2026-03-28 10:07
FL1769,AeroNova,Airbus A320,International,On-Time,Capt. Ella Reyes,1.07,11602.7,1077.84,50,0,2026-03-30 00:00,2026-03-30 01:04
FL1770,BlueHorizon Airways,Boeing 777,Domestic,On-Time,Capt. Carlos Reyes,11.94,10113.2,973.7,365,0,2026-03-24 00:00,2026-03-24 11:56
FL1771,IslandJet,Airbus A320,International,On-Time,Capt. Nina Garcia,11.75,10594.5,1160.18,187,0,2026-03-16 00:00,2026-03-16 11:45
FL1772,BlueHorizon Airways,Boeing 777,Domestic,On-Time,Capt. Ella Reyes,4.45,6418.8,523.36,245,0,2026-03-19 00:00,2026-03-19 04:27
FL1773,IslandJet,Boeing 777,Domestic,Delayed,Capt. Ella Garcia,8.53,5669.2,61.38,70,213,2026-03-23 00:00,2026-03-23 08:31
FL1774,AeroNova,Airbus A320,International,On-Time,Capt. Paolo Ramos,4.58,10547.8,125.62,314,0,2026-04-07 00:00,2026-04-07 04:34
FL1775,TransIsle Air,Airbus A330,Domestic,On-Time,Capt. Anna Diaz,3.85,6699.0,465.87,224,0,2026-03-18 00:00,2026-03-18 03:51
FL1776,IslandJet,Boeing 777,Domestic,Delayed,Capt. Paolo Garcia,9.35,9821.0,110.42,189,66,2026-03-27 00:00,2026-03-27 09:21
FL1777,BlueHorizon Airways,Boeing 737,International,On-Time,Capt. Carlos Torres,1.27,5550.5,848.72,144,0,2026-03-23 00:00,2026-03-23 01:16
FL1778,SkyLink Air,ATR 72,Domestic,On-Time,Capt. Ramon Santos,6.31,8066.5,587.05,329,0,2026-04-09 00:00,2026-04-09 06:18
FL1779,SkyLink Air,Boeing 737,International,On-Time,Capt. Anna Diaz,2.6,9307.6,547.77,106,0,2026-03-15 00:00,2026-03-15 02:36
FL1780,BlueHorizon Airways,Boeing 737,Domestic,On-Time,Capt. Ella Cruz,11.29,11945.6,1745.58,264,0,2026-03-25 00:00,2026-03-25 11:17
FL1781,TransIsle Air,Airbus A320,International,On-Time,Capt. Carlos Torres,10.7,6539.9,1497.07,200,0,2026-03-21 00:00,2026-03-21 10:42
FL1782,AeroNova,Airbus A330,Domestic,On-Time,Capt. Ella Cruz,9.51,11407.9,893.13,252,0,2026-04-02 00:00,2026-04-02 09:30
FL1783,AeroNova,ATR 72,Domestic,Cancelled,Capt. Grace Santos,9.79,7031.0,1476.96,155,0,2026-03-18 00:00,2026-03-18 09:47
FL1784,TransIsle Air,Airbus A320,Domestic,On-Time,Capt. Maria Torres,11.55,2003.7,151.98,71,0,2026-03-16 00:00,2026-03-16 11:33
FL1785,IslandJet,Airbus A320,International,Delayed,Capt. Ella Garcia,9.35,8483.4,62.79,81,100,2026-03-30 00:00,2026-03-30 09:21
FL1786,TransIsle Air,Airbus A320,International,On-Time,Capt. Ella Bautista,2.13,11393.0,1763.1,287,0,2026-04-03 00:00,2026-04-03 02:07
FL1787,SkyLink Air,ATR 72,International,Delayed,Capt. Jose Bautista,2.29,1534.0,1666.28,74,215,2026-03-31 00:00,2026-03-31 02:17
FL1788,PacificWing Airlines,Boeing 737,Domestic,On-Time,Capt. Maria Torres,5.48,11930.0,1583.53,186,0,2026-04-01 00:00,2026-03-21 05:28
FL1789,IslandJet,Airbus A330,Domestic,On-Time,Capt. Jose Bautista,4.34,9384.1,1794.15,22,0,2026-04-12 00:00,2026-04-12 04:20
FL1790,BlueHorizon Airways,Airbus A330,Domestic,On-Time,Capt. Grace Santos,5.74,6100.3,802.89,74,0,2026-04-08 00:00,2026-04-08 05:44
FL1791,PacificWing Airlines,Airbus A320,Domestic,Delayed,Capt. Ella Reyes,11.96,6910.2,1463.36,68,70,2026-03-31 00:00,2026-03-31 11:57
FL1792,TransIsle Air,Boeing 737,Domestic,On-Time,Capt. Maria Diaz,9.07,4089.1,1571.9,130,0,2026-03-18 00:00,2026-03-18 09:04
FL1793,BlueHorizon Airways,Airbus A320,International,On-Time,Capt. Grace Santos,3.55,302.2,366.15,38,0,2026-03-30 00:00,2026-03-30 03:33
FL1794,IslandJet,Boeing 777,Domestic,On-Time,Capt. Anna Flores,7.57,10295.5,381.77,82,0,2026-03-18 00:00,2026-03-18 07:34
FL1795,TransIsle Air,Airbus A320,International,On-Time,Capt. Ramon Santos,8.23,3011.9,656.84,196,0,2026-03-16 00:00,2026-03-16 08:13
FL1796,IslandJet,Airbus A320,Domestic,On-Time,Capt. Paolo Garcia,1.4,11673.7,702.33,174,0,2026-03-16 00:00,2026-03-16 01:24
FL1797,AeroNova,Airbus A320,Domestic,On-Time,Capt. Carlos Reyes,7.76,10160.1,1510.71,91,0,2026-03-17 00:00,2026-03-17 07:45
FL1798,AeroNova,Airbus A320,Domestic,Cancelled,Capt. Maria Torres,13.55,7263.8,193.89,205,0,2026-04-06 00:00,2026-04-06 13:33
FL1799,BlueHorizon Airways,Airbus A330,International,Cancelled,Capt. Ramon Ramos,4.03,1712.0,1559.83,159,0,2026-03-26 00:00,2026-03-26 04:01
FL1800,SkyLink Air,Airbus A320,Domestic,On-Time,Capt. Maria Ramos,1.26,935.8,602.81,203,0,2026-03-29 00:00,2026-03-29 01:15
FL1801,SkyLink Air,Airbus A320,Domestic,On-Time,Capt. Jose Cruz,0.57,8742.6,507.36,250,0,2026-03-22 00:00,2026-03-22 00:34
FL1802,PacificWing Airlines,Boeing 777,Domestic,Cancelled,Capt. Victor Santos,3.83,5423.7,377.23,291,0,2026-03-23 00:00,2026-03-23 03:49
FL1803,PacificWing Airlines,Boeing 777,International,On-Time,Capt. Paolo Reyes,1.79,4017.3,1656.83,298,0,2026-03-19 00:00,2026-03-19 01:47
FL1804,PacificWing Airlines,Boeing 737,Domestic,Delayed,Capt. Nina Garcia,11.36,1299.8,837.0,172,179,2026-04-09 00:00,2026-04-09 11:21
FL1805,SkyLink Air,Boeing 777,Domestic,Delayed,Capt. Carlos Torres,0.55,6910.9,1609.72,142,24,2026-03-30 00:00,2026-03-30 00:33
FL1806,BlueHorizon Airways,ATR 72,International,On-Time,Capt. Anna Flores,8.63,11774.6,790.45,222,0,2026-04-10 00:00,2026-04-10 08:37
FL1807,PacificWing Airlines,ATR 72,International,On-Time,Capt. Ella Castillo,6.28,4552.3,801.05,149,0,2026-03-27 00:00,2026-03-27 06:16
FL1808,BlueHorizon Airways,Boeing 777,Domestic,Delayed,Capt. Grace Santos,7.63,8675.6,505.76,282,23,2026-03-15 00:00,2026-03-15 07:37
FL1809,PacificWing Airlines,Airbus A320,Domestic,Delayed,Capt. Ramon Santos,8.75,673.1,774.37,194,155,2026-04-05 00:00,2026-04-05 08:45
FL1810,IslandJet,ATR 72,Domestic,On-Time,Capt. Maria Flores,2.51,6055.1,1025.68,197,0,2026-03-29 00:00,2026-03-29 02:30
FL1811,AeroNova,Boeing 737,Domestic,On-Time,Capt. Carlos Torres,2.49,10175.7,101.74,31,0,2026-03-20 00:00,2026-03-20 02:29
FL1812,IslandJet,ATR 72,Domestic,On-Time,Capt. Anna Diaz,5.66,6470.6,1265.81,155,0,2026-03-30 00:00,2026-03-30 05:39
FL1813,TransIsle Air,Boeing 737,Domestic,On-Time,Capt. Ella Cruz,6.39,6190.5,244.07,72,0,2026-03-21 00:00,2026-03-21 06:23
FL1814,AeroNova,Airbus A330,International,On-Time,Capt. Nina Ramos,4.71,5955.7,1481.47,315,0,2026-04-10 00:00,2026-04-10 04:42
FL1815,BlueHorizon Airways,Airbus A330,International,On-Time,Capt. Grace Santos,5.25,6856.1,1168.33,321,0,2026-03-21 00:00,2026-03-21 05:15
FL1816,SkyLink Air,Airbus A320,Domestic,Delayed,Capt. Anna Diaz,1.0,11567.7,1126.53,357,54,2026-03-15 00:00,2026-03-15 01:00
FL1817,AeroNova,Airbus A330,Domestic,On-Time,Capt. Nina Ramos,11.75,10965.5,1659.21,375,0,2026-03-22 00:00,2026-03-22 11:45
FL1818,IslandJet,Boeing 737,International,On-Time,Capt. Ramon Ramos,1.99,793.6,1281.27,69,0,2026-04-04 00:00,2026-04-04 01:59
FL1819,AeroNova,Airbus A320,Domestic,On-Time,Capt. Jose Bautista,11.82,482.6,854.61,44,0,2026-04-06 00:00,2026-04-06 11:49
FL1820,SkyLink Air,Airbus A320,International,On-Time,Capt. Victor Flores,8.52,7928.5,1361.11,95,0,2026-03-21 00:00,2026-03-21 08:31
FL1821,SkyLink Air,Boeing 777,Domestic,On-Time,Capt. Paolo Reyes,10.89,10087.8,1029.08,300,0,2026-03-28 00:00,2026-03-28 10:53
FL1822,AeroNova,ATR 72,International,On-Time,Capt. Carlos Torres,13.58,10907.5,1784.26,354,0,2026-03-30 00:00,2026-03-30 13:34
FL1823,TransIsle Air,Boeing 777,Domestic,Delayed,Capt. Nina Ramos,11.25,2572.4,921.75,367,44,2026-04-03 00:00,2026-04-03 11:15
FL1824,TransIsle Air,Airbus A320,International,Delayed,Capt. Ramon Ramos,2.68,4290.3,1290.03,325,132,2026-04-10 00:00,2026-04-10 02:40
FL1825,SkyLink Air,ATR 72,International,Cancelled,Capt. Maria Diaz,11.92,6144.1,977.78,146,0,2026-04-10 00:00,2026-04-10 11:55
FL1826,TransIsle Air,Boeing 737,Domestic,On-Time,Capt. Paolo Ramos,7.1,1452.3,1093.74,331,0,2026-04-05 00:00,2026-04-05 07:06
FL1827,PacificWing Airlines,Boeing 737,Domestic,On-Time,Capt. Paolo Reyes,11.93,5326.6,1725.61,116,0,2026-03-26 00:00,2026-03-26 11:55
FL1828,AeroNova,Boeing 737,Domestic,Delayed,Capt. Nina Ramos,6.84,1938.4,1297.74,209,210,2026-03-30 00:00,2026-03-30 06:50
FL1829,AeroNova,Airbus A330,Domestic,Delayed,Capt. Ramon Diaz,12.73,11463.3,1320.97,200,90,2026-04-11 00:00,2026-04-11 12:43
FL1830,TransIsle Air,Airbus A320,Domestic,Delayed,Capt. Carlos Reyes,9.8,3392.2,922.29,145,154,2026-03-30 00:00,2026-03-30 09:48
FL1831,TransIsle Air,Airbus A330,Domestic,On-Time,Capt. Maria Torres,13.23,6312.6,271.48,250,0,2026-03-25 00:00,2026-03-25 13:13
FL1832,TransIsle Air,Boeing 737,Domestic,On-Time,Capt. Victor Santos,5.35,8469.4,1591.45,120,0,2026-04-13 00:00,2026-04-13 05:21
FL1833,PacificWing Airlines,Boeing 777,Domestic,Delayed,Capt. Victor Santos,13.64,10527.4,556.39,315,204,2026-03-16 00:00,2026-03-16 13:38
FL1834,BlueHorizon Airways,Airbus A330,Domestic,Delayed,Capt. Carlos Reyes,10.03,10547.3,528.89,71,97,2026-03-29 00:00,2026-03-29 10:01
FL1835,AeroNova,Airbus A320,Domestic,On-Time,Capt. Maria Flores,13.68,1730.2,1099.97,134,0,2026-03-18 00:00,2026-03-18 13:40
FL1836,IslandJet,Airbus A320,International,On-Time,Capt. Ella Castillo,11.21,2058.9,409.48,58,0,2026-03-17 00:00,2026-03-17 11:12
FL1837,SkyLink Air,Boeing 777,Domestic,Delayed,Capt. Maria Torres,7.58,7841.8,416.77,95,129,2026-03-15 00:00,2026-03-15 07:34
FL1838,SkyLink Air,Airbus A330,Domestic,On-Time,Capt. Ella Reyes,10.74,2016.2,834.35,134,0,2026-03-28 00:00,2026-03-28 10:44
FL1839,SkyLink Air,Boeing 737,Domestic,On-Time,Capt. Maria Ramos,12.35,9426.9,185.66,261,0,2026-03-21 00:00,2026-03-21 12:21
FL1840,SkyLink Air,Airbus A320,Domestic,On-Time,Capt. Ramon Ramos,2.05,5022.2,820.05,133,0,2026-04-12 00:00,2026-04-12 02:03
FL1841,BlueHorizon Airways,Boeing 737,Domestic,On-Time,Capt. Ella Garcia,12.87,10273.8,1054.15,133,0,2026-03-18 00:00,2026-03-18 12:52
FL1842,IslandJet,ATR 72,Domestic,Delayed,Capt. Anna Garcia,12.8,8327.6,867.47,75,126,2026-04-07 00:00,2026-04-07 12:48
FL1843,IslandJet,Airbus A320,Domestic,On-Time,Capt. Ramon Diaz,10.77,3391.6,1216.1,374,0,2026-03-15 00:00,2026-03-15 10:46
FL1844,BlueHorizon Airways,Airbus A320,Domestic,Delayed,Capt. Paolo Ramos,6.87,8905.3,1300.04,273,196,2026-04-07 00:00,2026-04-07 06:52
FL1845,PacificWing Airlines,ATR 72,International,Delayed,Capt. Paolo Ramos,8.01,10415.0,749.67,42,95,2026-03-23 00:00,2026-03-23 08:00
FL1846,BlueHorizon Airways,Airbus A320,Domestic,On-Time,Capt. Carlos Torres,13.89,5170.0,478.16,304,0,2026-04-02 00:00,2026-04-02 13:53
FL1847,AeroNova,ATR 72,International,On-Time,Capt. Ella Garcia,10.72,11692.1,1604.32,347,0,2026-03-28 00:00,2026-03-28 10:43
FL1848,PacificWing Airlines,ATR 72,Domestic,On-Time,Capt. Victor Flores,9.4,10212.5,326.62,259,0,2026-03-22 00:00,2026-03-22 09:24
FL1849,TransIsle Air,Boeing 737,Domestic,On-Time,Capt. Ramon Ramos,0.67,7098.7,1650.55,44,0,2026-03-25 00:00,2026-03-25 00:40
FL1850,IslandJet,Airbus A320,International,Delayed,Capt. Ella Cruz,8.32,702.8,1078.27,339,221,2026-03-25 00:00,2026-03-25 08:19
FL1851,IslandJet,Airbus A320,International,On-Time,Capt. Victor Santos,11.12,5712.9,1329.04,73,0,2026-04-01 00:00,2026-04-01 11:07
FL1852,BlueHorizon Airways,Airbus A320,Domestic,On-Time,Capt. Maria Flores,3.34,676.8,430.37,56,0,2026-04-12 00:00,2026-04-12 03:20
FL1853,PacificWing Airlines,Airbus A320,Domestic,On-Time,Capt. Anna Diaz,13.99,3397.7,1786.63,50,0,2026-03-25 00:00,2026-03-25 13:59
FL1854,IslandJet,Airbus A330,Domestic,On-Time,Capt. Maria Diaz,1.18,7106.7,932.43,353,0,2026-03-24 00:00,2026-03-24 01:10
FL1855,SkyLink Air,ATR 72,Domestic,On-Time,Capt. Maria Ramos,12.55,10172.6,107.36,113,0,2026-04-07 00:00,2026-04-07 12:33
FL1856,BlueHorizon Airways,Boeing 737,Domestic,On-Time,Capt. Ella Garcia,10.24,10102.5,182.85,309,0,2026-03-16 00:00,2026-03-16 10:14
FL1857,SkyLink Air,Airbus A330,Domestic,Delayed,Capt. Ella Garcia,5.64,5512.2,664.05,59,172,2026-03-19 00:00,2026-03-19 05:38
FL1858,TransIsle Air,Boeing 777,Domestic,On-Time,Capt. Carlos Reyes,13.25,7456.4,1621.59,200,0,2026-03-18 00:00,2026-03-18 13:15
FL1859,IslandJet,Boeing 737,Domestic,On-Time,Capt. Paolo Garcia,7.69,7553.5,823.46,358,0,2026-03-24 00:00,2026-03-24 07:41
FL1860,AeroNova,ATR 72,Domestic,Cancelled,Capt. Paolo Garcia,13.58,2259.9,885.68,289,0,2026-04-07 00:00,2026-04-07 13:34
FL1861,PacificWing Airlines,ATR 72,Domestic,Cancelled,Capt. Ella Garcia,0.55,3161.7,1261.17,166,0,2026-04-07 00:00,2026-04-07 00:33
FL1862,IslandJet,Boeing 737,Domestic,Cancelled,Capt. Carlos Torres,11.35,1256.2,736.55,116,0,2026-03-28 00:00,2026-03-28 11:21
FL1863,SkyLink Air,Boeing 737,International,On-Time,Capt. Maria Diaz,2.04,1401.4,1564.82,59,0,2026-04-01 00:00,2026-04-01 02:02
FL1864,AeroNova,Boeing 777,Domestic,On-Time,Capt. Nina Ramos,1.97,1472.7,1774.19,203,0,2026-03-21 00:00,2026-03-21 01:58
FL1865,TransIsle Air,Boeing 737,Domestic,Delayed,Capt. Ella Castillo,6.06,3389.1,50.04,311,43,2026-04-06 00:00,2026-04-06 06:03
FL1866,TransIsle Air,Boeing 777,Domestic,Delayed,Capt. Paolo Reyes,0.67,8444.4,1233.58,92,111,2026-03-15 00:00,2026-03-15 00:40
FL1867,SkyLink Air,Boeing 737,Domestic,On-Time,Capt. Jose Bautista,12.39,1596.3,1277.8,137,0,2026-04-02 00:00,2026-04-02 12:23
FL1868,IslandJet,ATR 72,Domestic,On-Time,Capt. Carlos Reyes,5.71,7594.5,220.42,142,0,2026-04-08 00:00,2026-04-08 05:42
FL1869,PacificWing Airlines,Boeing 737,International,Delayed,Capt. Ella Castillo,0.85,8083.0,966.54,376,31,2026-03-15 00:00,2026-03-15 00:51
FL1870,BlueHorizon Airways,Boeing 777,International,On-Time,Capt. Ella Reyes,5.59,5177.1,628.44,277,0,2026-03-24 00:00,2026-03-24 05:35
FL1871,PacificWing Airlines,Boeing 777,International,Delayed,Capt. Paolo Ramos,2.33,5802.4,382.46,339,225,2026-04-11 00:00,2026-04-11 02:19
FL1872,BlueHorizon Airways,Airbus A330,Domestic,On-Time,Capt. Victor Flores,5.46,1775.8,809.64,265,0,2026-04-10 00:00,2026-04-10 05:27
FL1873,TransIsle Air,Airbus A330,International,On-Time,Capt. Victor Flores,0.99,7186.4,1491.97,215,0,2026-04-14 00:00,2026-04-14 00:59
FL1874,TransIsle Air,Boeing 737,Domestic,Delayed,Capt. Ella Castillo,5.26,5495.1,148.18,89,195,2026-03-21 00:00,2026-03-21 05:15
FL1875,SkyLink Air,Boeing 737,Domestic,On-Time,Capt. Ramon Ramos,11.55,8703.2,1021.96,64,0,2026-04-11 00:00,2026-04-11 11:33
FL1876,PacificWing Airlines,Airbus A320,Domestic,Cancelled,Capt. Maria Torres,8.91,6005.8,337.73,176,0,2026-04-12 00:00,2026-04-12 08:54
FL1877,SkyLink Air,Airbus A320,International,On-Time,Capt. Ella Garcia,8.68,7619.5,1144.99,132,0,2026-04-01 00:00,2026-03-31 08:40
FL1878,BlueHorizon Airways,Boeing 777,Domestic,Delayed,Capt. Nina Garcia,10.49,4641.5,779.28,161,203,2026-03-26 00:00,2026-03-26 10:29
FL1879,SkyLink Air,Boeing 737,Domestic,On-Time,Capt. Anna Garcia,6.22,9060.1,1059.29,259,0,2026-03-17 00:00,2026-03-17 06:13
FL1880,IslandJet,Airbus A330,International,Delayed,Capt. Grace Santos,7.83,324.8,1092.45,98,62,2026-04-08 00:00,2026-04-08 07:49
FL1881,SkyLink Air,Boeing 737,Domestic,Delayed,Capt. Carlos Reyes,4.98,1274.1,217.71,23,38,2026-04-08 00:00,2026-04-08 04:58
FL1882,BlueHorizon Airways,Airbus A320,Domestic,On-Time,Capt. Maria Ramos,7.6,3361.2,1409.32,235,0,2026-03-26 00:00,2026-03-26 07:36
FL1883,AeroNova,Boeing 777,International,On-Time,Capt. Ramon Diaz,6.42,3033.8,122.17,168,0,2026-04-12 00:00,2026-04-12 06:25
FL1884,BlueHorizon Airways,Boeing 777,Domestic,On-Time,Capt. Jose Cruz,12.78,10010.0,880.08,194,0,2026-03-23 00:00,2026-03-23 12:46
FL1885,SkyLink Air,Airbus A330,Domestic,On-Time,Capt. Carlos Torres,5.79,6269.2,720.98,371,0,2026-04-09 00:00,2026-04-09 05:47
FL1886,AeroNova,Airbus A330,Domestic,On-Time,Capt. Paolo Ramos,7.9,4702.1,1127.79,125,0,2026-04-09 00:00,2026-04-09 07:54
FL1887,SkyLink Air,Airbus A330,International,On-Time,Capt. Paolo Ramos,9.35,10178.2,702.78,292,0,2026-03-16 00:00,2026-03-16 09:21
FL1888,PacificWing Airlines,Airbus A320,Domestic,On-Time,Capt. Victor Flores,10.14,9306.4,378.52,61,0,2026-04-08 00:00,2026-04-08 10:08
FL1889,PacificWing Airlines,Boeing 777,Domestic,On-Time,Capt. Nina Garcia,2.63,10636.9,1401.31,156,0,2026-04-01 00:00,2026-04-01 02:37
FL1890,BlueHorizon Airways,ATR 72,Domestic,Delayed,Capt. Jose Bautista,13.33,3536.6,638.34,57,210,2026-04-07 00:00,2026-04-07 13:19
FL1891,IslandJet,Boeing 777,Domestic,On-Time,Capt. Maria Torres,7.27,11633.7,1200.21,64,0,2026-04-04 00:00,2026-03-18 07:16
FL1892,TransIsle Air,Boeing 777,Domestic,On-Time,Capt. Ella Castillo,7.11,327.5,1556.48,281,0,2026-04-14 00:00,2026-04-14 07:06
FL1893,BlueHorizon Airways,Boeing 777,Domestic,On-Time,Capt. Jose Bautista,10.55,4898.5,329.88,370,0,2026-04-03 00:00,2026-04-03 10:33
FL1894,SkyLink Air,ATR 72,International,Cancelled,Capt. Carlos Torres,9.09,11888.6,1313.56,70,0,2026-03-23 00:00,2026-03-23 09:05
FL1895,BlueHorizon Airways,Boeing 737,Domestic,On-Time,Capt. Ella Castillo,8.62,11449.0,1792.27,92,0,2026-03-25 00:00,2026-03-25 08:37
FL1896,AeroNova,Boeing 737,Domestic,On-Time,Capt. Maria Torres,10.07,2915.5,620.78,235,0,2026-04-09 00:00,2026-04-09 10:04
FL1897,IslandJet,ATR 72,Domestic,On-Time,Capt. Grace Santos,2.02,6412.1,667.17,136,0,2026-04-03 00:00,2026-03-21 02:01
FL1898,BlueHorizon Airways,Boeing 777,International,On-Time,Capt. Ella Castillo,1.09,6872.0,813.52,64,0,2026-03-23 00:00,2026-03-23 01:05
FL1899,TransIsle Air,Airbus A320,Domestic,On-Time,Capt. Paolo Ramos,3.56,1438.3,155.37,264,0,2026-03-25 00:00,2026-03-25 03:33
FL1900,IslandJet,ATR 72,International,Delayed,Capt. Ella Garcia,5.87,3282.3,1113.12,173,161,2026-04-11 00:00,2026-04-11 05:52
FL1901,BlueHorizon Airways,ATR 72,Domestic,On-Time,Capt. Ella Cruz,8.9,1979.9,262.45,319,0,2026-03-28 00:00,2026-03-28 08:54
FL1902,BlueHorizon Airways,ATR 72,Domestic,On-Time,Capt. Jose Bautista,0.69,8395.0,601.63,209,0,2026-04-12 00:00,2026-04-12 00:41
FL1903,IslandJet,ATR 72,International,Delayed,Capt. Victor Flores,11.53,9003.0,1102.89,153,122,2026-03-17 00:00,2026-03-17 11:31
FL1904,IslandJet,ATR 72,Domestic,Delayed,Capt. Ella Cruz,10.49,3471.4,1088.47,255,164,2026-04-01 00:00,2026-04-01 10:29
FL1905,IslandJet,Airbus A330,Domestic,On-Time,Capt. Ella Bautista,11.18,2153.1,502.21,205,0,2026-04-02 00:00,2026-04-02 11:10
FL1906,IslandJet,Boeing 737,International,Cancelled,Capt. Ella Reyes,4.67,8407.9,1175.15,226,0,2026-04-12 00:00,2026-04-12 04:40
FL1907,IslandJet,Boeing 777,Domestic,On-Time,Capt. Ella Cruz,12.72,8542.4,912.1,202,0,2026-03-16 00:00,2026-03-16 12:43
FL1908,IslandJet,Boeing 777,Domestic,Delayed,Capt. Carlos Torres,8.55,8626.4,1607.58,277,106,2026-04-01 00:00,2026-04-01 08:33
FL1909,BlueHorizon Airways,ATR 72,International,On-Time,Capt. Victor Flores,13.56,5805.1,550.81,368,0,2026-04-14 00:00,2026-04-14 13:33
FL1910,AeroNova,Boeing 737,Domestic,Delayed,Capt. Maria Diaz,5.42,4842.5,213.3,355,80,2026-04-01 00:00,2026-04-01 05:25
FL1911,BlueHorizon Airways,Airbus A330,Domestic,On-Time,Capt. Paolo Ramos,7.76,4434.6,481.57,298,0,2026-04-01 00:00,2026-04-01 07:45
FL1912,TransIsle Air,Boeing 777,Domestic,On-Time,Capt. Nina Garcia,8.08,9464.5,1282.56,245,0,2026-04-10 00:00,2026-04-10 08:04
FL1913,AeroNova,Boeing 777,Domestic,Delayed,Capt. Maria Flores,13.54,7233.3,140.72,246,220,2026-04-14 00:00,2026-04-14 13:32
FL1914,SkyLink Air,Airbus A320,International,On-Time,Capt. Anna Diaz,1.28,6295.8,1443.55,75,0,2026-03-17 00:00,2026-03-17 01:16
FL1915,TransIsle Air,ATR 72,Domestic,Delayed,Capt. Paolo Reyes,10.42,10833.7,1095.65,287,226,2026-04-09 00:00,2026-04-09 10:25
FL1916,BlueHorizon Airways,ATR 72,Domestic,On-Time,Capt. Jose Bautista,12.52,165.3,972.15,213,0,2026-03-20 00:00,2026-03-20 12:31
FL1917,AeroNova,Boeing 777,Domestic,On-Time,Capt. Nina Garcia,13.68,4671.3,92.88,368,0,2026-03-17 00:00,2026-03-17 13:40
FL1918,SkyLink Air,Airbus A330,Domestic,Cancelled,Capt. Maria Flores,7.97,5870.0,221.3,96,0,2026-03-31 00:00,2026-03-31 07:58
FL1919,BlueHorizon Airways,Boeing 777,International,On-Time,Capt. Jose Bautista,8.6,2862.9,413.41,20,0,2026-03-31 00:00,2026-03-31 08:36
FL1920,SkyLink Air,Airbus A320,International,On-Time,Capt. Grace Santos,2.74,10661.2,1671.16,60,0,2026-03-29 00:00,2026-03-29 02:44
FL1921,AeroNova,Boeing 737,International,On-Time,Capt. Maria Flores,3.16,4675.7,616.76,366,0,2026-04-04 00:00,2026-04-04 03:09
FL1922,BlueHorizon Airways,Boeing 737,Domestic,Cancelled,Capt. Victor Santos,4.44,5238.0,264.49,46,0,2026-03-27 00:00,2026-03-27 04:26
FL1923,TransIsle Air,Airbus A330,Domestic,On-Time,Capt. Nina Ramos,12.07,296.2,524.72,81,0,2026-03-26 00:00,2026-03-26 12:04
FL1924,TransIsle Air,Boeing 777,International,Delayed,Capt. Anna Flores,5.59,8537.4,1212.67,173,28,2026-03-19 00:00,2026-03-19 05:35
FL1925,PacificWing Airlines,Boeing 737,Domestic,Delayed,Capt. Jose Bautista,4.6,2848.7,1788.53,163,143,2026-04-08 00:00,2026-04-08 04:36
FL1926,TransIsle Air,Boeing 737,Domestic,Delayed,Capt. Jose Bautista,13.4,7646.1,1373.1,80,72,2026-03-18 00:00,2026-03-18 13:24
FL1927,TransIsle Air,Boeing 737,Domestic,On-Time,Capt. Paolo Ramos,4.17,10067.9,1394.66,226,0,2026-04-07 00:00,2026-04-07 04:10
FL1928,IslandJet,Boeing 737,Domestic,On-Time,Capt. Anna Flores,4.06,271.4,640.76,310,0,2026-04-12 00:00,2026-04-12 04:03
FL1929,IslandJet,Boeing 737,Domestic,On-Time,Capt. Ella Reyes,8.22,6883.0,637.28,250,0,2026-04-01 00:00,2026-03-22 08:13
FL1930,SkyLink Air,Boeing 777,Domestic,On-Time,Capt. Maria Ramos,13.43,9707.4,1618.15,231,0,2026-03-28 00:00,2026-03-28 13:25
FL1931,PacificWing Airlines,Boeing 777,Domestic,On-Time,Capt. Victor Flores,9.82,11473.0,1569.11,22,0,2026-03-26 00:00,2026-03-26 09:49
FL1932,PacificWing Airlines,ATR 72,International,On-Time,Capt. Ramon Ramos,13.97,3759.5,835.7,175,0,2026-03-21 00:00,2026-03-21 13:58
FL1933,SkyLink Air,Boeing 737,International,On-Time,Capt. Ella Castillo,2.26,2907.9,1293.47,68,0,2026-04-04 00:00,2026-04-04 02:15
FL1934,PacificWing Airlines,Boeing 777,Domestic,Delayed,Capt. Jose Bautista,6.2,8729.1,640.46,326,50,2026-04-08 00:00,2026-04-08 06:12
FL1935,IslandJet,Boeing 737,International,On-Time,Capt. Ella Castillo,10.33,11991.2,1060.36,347,0,2026-03-25 00:00,2026-03-25 10:19
FL1936,TransIsle Air,Airbus A330,Domestic,Delayed,Capt. Victor Santos,10.55,7098.3,833.51,82,209,2026-04-09 00:00,2026-04-09 10:33
FL1937,AeroNova,Boeing 737,Domestic,Delayed,Capt. Paolo Ramos,11.27,6484.4,83.27,84,28,2026-04-01 00:00,2026-04-01 11:16
FL1938,BlueHorizon Airways,ATR 72,Domestic,Delayed,Capt. Anna Flores,7.86,1518.5,1752.72,373,57,2026-03-30 00:00,2026-03-30 07:51
FL1939,TransIsle Air,Airbus A330,International,On-Time,Capt. Paolo Reyes,4.89,947.4,751.91,148,0,2026-04-12 00:00,2026-04-12 04:53
FL1940,PacificWing Airlines,Airbus A330,Domestic,On-Time,Capt. Victor Flores,4.89,3359.7,1017.03,43,0,2026-04-14 00:00,2026-04-14 04:53
FL1941,BlueHorizon Airways,Airbus A320,International,Cancelled,Capt. Anna Diaz,11.25,8356.8,701.9,273,0,2026-03-30 00:00,2026-03-30 11:15
FL1942,AeroNova,ATR 72,Domestic,Cancelled,Capt. Paolo Garcia,0.58,6593.7,116.12,342,0,2026-03-25 00:00,2026-03-25 00:34
FL1943,TransIsle Air,Boeing 777,International,On-Time,Capt. Maria Flores,8.92,9810.9,164.8,236,0,2026-03-20 00:00,2026-03-20 08:55
FL1944,IslandJet,Airbus A320,Domestic,On-Time,Capt. Victor Santos,10.16,2498.0,964.24,305,0,2026-04-12 00:00,2026-04-12 10:09
FL1945,IslandJet,Airbus A320,Domestic,On-Time,Capt. Ella Garcia,9.4,11865.6,576.76,89,0,2026-03-19 00:00,2026-03-19 09:24
FL1946,PacificWing Airlines,Boeing 777,International,On-Time,Capt. Paolo Garcia,3.16,4470.2,1143.58,316,0,2026-03-17 00:00,2026-03-17 03:09
FL1947,SkyLink Air,Boeing 737,International,On-Time,Capt. Maria Ramos,11.93,5665.5,1777.53,315,0,2026-03-29 00:00,2026-03-29 11:55
FL1948,TransIsle Air,Boeing 777,Domestic,Delayed,Capt. Ella Bautista,3.16,10262.9,1117.08,205,212,2026-03-19 00:00,2026-03-19 03:09
FL1949,BlueHorizon Airways,Boeing 737,International,On-Time,Capt. Carlos Torres,1.16,753.8,1596.41,196,0,2026-04-04 00:00,2026-04-04 01:09
FL1950,IslandJet,Airbus A330,Domestic,On-Time,Capt. Maria Flores,7.88,7602.6,1647.16,135,0,2026-04-09 00:00,2026-04-09 07:52
FL1951,AeroNova,Airbus A320,Domestic,Delayed,Capt. Nina Garcia,12.11,9118.6,733.69,275,95,2026-04-05 00:00,2026-04-05 12:06
FL1952,SkyLink Air,Boeing 777,Domestic,Delayed,Capt. Paolo Ramos,8.76,1722.8,1681.5,76,162,2026-03-26 00:00,2026-03-26 08:45
FL1953,TransIsle Air,Boeing 737,Domestic,On-Time,Capt. Ella Castillo,11.27,4515.3,513.75,66,0,2026-03-20 00:00,2026-03-20 11:16
FL1954,BlueHorizon Airways,ATR 72,International,On-Time,Capt. Anna Garcia,2.45,10908.0,1173.6,48,0,2026-04-09 00:00,2026-04-09 02:27
FL1955,TransIsle Air,Airbus A330,Domestic,Delayed,Capt. Jose Bautista,9.41,1010.2,1426.31,182,117,2026-03-21 00:00,2026-03-21 09:24
FL1956,SkyLink Air,Airbus A330,Domestic,On-Time,Capt. Ramon Diaz,5.83,7473.4,591.48,230,0,2026-04-07 00:00,2026-04-07 05:49
FL1957,SkyLink Air,Airbus A330,Domestic,Cancelled,Capt. Victor Santos,12.24,586.7,734.51,37,0,2026-03-20 00:00,2026-03-20 12:14
FL1958,TransIsle Air,Airbus A320,Domestic,On-Time,Capt. Maria Flores,10.36,3430.0,793.25,230,0,2026-04-13 00:00,2026-04-13 10:21
FL1959,PacificWing Airlines,Boeing 777,Domestic,On-Time,Capt. Ella Reyes,12.46,7762.2,901.88,344,0,2026-03-21 00:00,2026-03-21 12:27
FL1960,SkyLink Air,Airbus A330,International,On-Time,Capt. Ramon Diaz,12.68,795.1,596.2,281,0,2026-03-15 00:00,2026-03-15 12:40
FL1961,BlueHorizon Airways,Boeing 737,Domestic,On-Time,Capt. Grace Santos,5.09,2018.1,1717.42,33,0,2026-03-31 00:00,2026-03-31 05:05
FL1962,BlueHorizon Airways,ATR 72,Domestic,On-Time,Capt. Paolo Ramos,7.1,3422.1,1196.11,226,0,2026-04-05 00:00,2026-04-05 07:06
FL1963,IslandJet,Airbus A330,Domestic,Delayed,Capt. Maria Diaz,10.9,2157.9,1420.1,178,95,2026-03-29 00:00,2026-03-29 10:54
FL1964,SkyLink Air,ATR 72,Domestic,On-Time,Capt. Ella Cruz,12.99,6648.1,301.04,316,0,2026-04-12 00:00,2026-04-12 12:59
FL1965,SkyLink Air,Airbus A330,Domestic,On-Time,Capt. Anna Flores,13.42,4640.4,1703.47,94,0,2026-03-16 00:00,2026-03-16 13:25
FL1966,BlueHorizon Airways,Boeing 777,Domestic,Delayed,Capt. Maria Torres,2.11,2807.2,502.72,92,109,2026-03-16 00:00,2026-03-16 02:06
FL1967,TransIsle Air,ATR 72,Domestic,Delayed,Capt. Carlos Torres,3.42,3935.1,1799.76,91,214,2026-03-15 00:00,2026-03-15 03:25
FL1968,PacificWing Airlines,Boeing 737,Domestic,On-Time,Capt. Victor Santos,7.75,312.1,1728.75,215,0,2026-04-07 00:00,2026-04-07 07:45
FL1969,BlueHorizon Airways,ATR 72,International,On-Time,Capt. Carlos Reyes,8.45,1277.6,1089.22,244,0,2026-04-07 00:00,2026-04-07 08:27
FL1970,SkyLink Air,ATR 72,Domestic,On-Time,Capt. Victor Santos,11.78,1401.6,392.15,54,0,2026-04-04 00:00,2026-04-04 11:46
FL1971,AeroNova,Airbus A320,International,Delayed,Capt. Ramon Santos,7.2,7252.6,1675.29,78,78,2026-03-18 00:00,2026-03-18 07:12
FL1972,BlueHorizon Airways,Airbus A320,Domestic,Delayed,Capt. Nina Ramos,9.25,1210.8,672.86,176,202,2026-04-12 00:00,2026-04-12 09:15
FL1973,IslandJet,ATR 72,International,Delayed,Capt. Paolo Ramos,12.87,723.2,1192.57,75,65,2026-03-18 00:00,2026-03-18 12:52
FL1974,BlueHorizon Airways,Boeing 737,Domestic,On-Time,Capt. Ella Bautista,5.49,3872.9,779.27,57,0,2026-04-07 00:00,2026-04-07 05:29
FL1975,BlueHorizon Airways,Boeing 777,International,On-Time,Capt. Nina Garcia,13.4,7889.5,891.1,60,0,2026-04-02 00:00,2026-04-02 13:24
FL1976,BlueHorizon Airways,ATR 72,Domestic,Delayed,Capt. Maria Ramos,1.02,2285.3,1416.19,96,143,2026-03-20 00:00,2026-03-20 01:01
FL1977,AeroNova,Boeing 737,Domestic,Delayed,Capt. Paolo Reyes,2.89,6328.4,887.65,159,149,2026-03-23 00:00,2026-03-23 02:53
FL1978,BlueHorizon Airways,Airbus A330,International,Delayed,Capt. Anna Garcia,6.23,9260.5,560.25,218,76,2026-03-28 00:00,2026-03-28 06:13
FL1979,IslandJet,Airbus A330,Domestic,Delayed,Capt. Maria Diaz,4.07,11372.7,1799.96,116,134,2026-03-16 00:00,2026-03-16 04:04
FL1980,IslandJet,ATR 72,Domestic,Delayed,Capt. Jose Cruz,1.96,7991.8,87.21,47,166,2026-04-07 00:00,2026-04-07 01:57
FL1981,AeroNova,Airbus A330,Domestic,On-Time,Capt. Victor Flores,10.39,11578.8,1533.72,284,0,2026-03-30 00:00,2026-03-30 10:23
FL1982,BlueHorizon Airways,Boeing 777,Domestic,On-Time,Capt. Ramon Santos,8.38,8424.8,1302.17,300,0,2026-04-07 00:00,2026-04-07 08:22
FL1983,TransIsle Air,Boeing 737,Domestic,Delayed,Capt. Ella Garcia,12.25,4318.8,855.99,41,209,2026-03-30 00:00,2026-03-30 12:15
FL1984,PacificWing Airlines,Airbus A330,International,On-Time,Capt. Jose Bautista,3.06,4687.8,347.5,271,0,2026-04-13 00:00,2026-04-13 03:03
FL1985,IslandJet,Airbus A320,Domestic,On-Time,Capt. Paolo Ramos,1.68,6163.9,1488.74,366,0,2026-03-18 00:00,2026-03-18 01:40
FL1986,BlueHorizon Airways,Boeing 737,Domestic,Delayed,Capt. Anna Diaz,4.12,6676.8,580.88,371,44,2026-03-18 00:00,2026-03-18 04:07
FL1987,BlueHorizon Airways,Boeing 777,International,On-Time,Capt. Anna Garcia,1.24,8104.7,568.57,247,0,2026-03-29 00:00,2026-03-29 01:14
FL1988,PacificWing Airlines,Airbus A330,International,Delayed,Capt. Jose Cruz,9.72,10736.5,1649.13,46,20,2026-03-21 00:00,2026-03-21 09:43
FL1989,SkyLink Air,Boeing 737,International,On-Time,Capt. Ella Reyes,2.12,7661.5,1635.35,33,0,2026-03-24 00:00,2026-03-24 02:07
FL1990,BlueHorizon Airways,Airbus A320,Domestic,Delayed,Capt. Anna Garcia,9.28,11777.0,1629.28,23,234,2026-03-27 00:00,2026-03-27 09:16
FL1991,SkyLink Air,Airbus A320,International,On-Time,Capt. Anna Diaz,0.74,2051.7,1432.59,167,0,2026-04-04 00:00,2026-04-04 00:44
FL1992,BlueHorizon Airways,ATR 72,Domestic,On-Time,Capt. Jose Cruz,5.59,4547.9,1634.55,178,0,2026-04-01 00:00,2026-04-01 05:35
FL1993,IslandJet,ATR 72,Domestic,On-Time,Capt. Ella Garcia,11.45,8488.9,754.81,165,0,2026-04-12 00:00,2026-04-12 11:27
FL1994,SkyLink Air,Airbus A330,Domestic,Cancelled,Capt. Nina Ramos,13.98,11829.8,1411.46,343,0,2026-04-02 00:00,2026-04-02 13:58
FL1995,AeroNova,Boeing 777,International,Delayed,Capt. Grace Santos,4.86,5070.9,752.69,260,29,2026-03-19 00:00,2026-03-19 04:51
FL1996,IslandJet,Airbus A320,International,On-Time,Capt. Paolo Ramos,4.47,3940.6,1347.02,183,0,2026-04-11 00:00,2026-04-11 04:28
FL1997,AeroNova,Airbus A320,International,On-Time,Capt. Ramon Santos,2.36,729.9,1516.24,344,0,2026-03-18 00:00,2026-03-18 02:21
FL1998,BlueHorizon Airways,Airbus A330,Domestic,Delayed,Capt. Paolo Ramos,9.98,6038.5,1710.9,20,129,2026-03-30 00:00,2026-03-30 09:58
FL1999,BlueHorizon Airways,Boeing 777,Domestic,On-Time,Capt. Carlos Torres,5.53,8501.6,1263.39,50,0,2026-04-01 00:00,2026-04-01 05:31
FL2000,TransIsle Air,Boeing 737,International,On-Time,Capt. Maria Ramos,1.36,2786.0,972.05,315,0,2026-03-22 00:00,2026-03-22 01:21
FL2001,PacificWing Airlines,Boeing 777,International,Delayed,Capt. Maria Diaz,3.39,6679.8,786.85,71,24,2026-04-14 00:00,2026-04-14 03:23
FL2002,AeroNova,Airbus A320,Domestic,Delayed,Capt. Jose Bautista,9.33,4509.1,1155.05,297,238,2026-03-20 00:00,2026-03-20 09:19
FL2003,BlueHorizon Airways,Boeing 777,Domestic,On-Time,Capt. Ella Reyes,13.89,5695.7,972.7,117,0,2026-04-03 00:00,2026-04-03 13:53
FL2004,TransIsle Air,Boeing 737,International,Delayed,Capt. Maria Flores,13.51,5502.5,1538.04,305,131,2026-03-23 00:00,2026-03-23 13:30
FL2005,AeroNova,Boeing 777,Domestic,On-Time,Capt. Paolo Reyes,11.76,525.8,788.75,152,0,2026-03-15 00:00,2026-03-15 11:45
FL2006,AeroNova,Boeing 737,Domestic,On-Time,Capt. Ella Castillo,3.53,9988.5,240.48,106,0,2026-03-30 00:00,2026-03-30 03:31
FL2007,TransIsle Air,Airbus A330,Domestic,On-Time,Capt. Anna Garcia,2.66,6187.3,362.57,173,0,2026-04-01 00:00,2026-04-01 02:39
FL2008,AeroNova,Airbus A320,International,On-Time,Capt. Nina Ramos,5.54,5198.0,458.78,96,0,2026-04-04 00:00,2026-04-04 05:32
FL2009,PacificWing Airlines,ATR 72,International,On-Time,Capt. Ramon Ramos,1.11,2474.0,1560.42,177,0,2026-03-23 00:00,2026-03-23 01:06
FL2010,TransIsle Air,Boeing 737,Domestic,Delayed,Capt. Paolo Reyes,5.89,7260.3,311.82,115,27,2026-03-22 00:00,2026-03-22 05:53
FL2011,BlueHorizon Airways,Boeing 777,International,On-Time,Capt. Anna Diaz,6.42,4850.6,1341.03,20,0,2026-04-08 00:00,2026-04-08 06:25
FL2012,BlueHorizon Airways,Airbus A330,Domestic,On-Time,Capt. Ella Castillo,1.74,10943.6,1425.8,313,0,2026-03-28 00:00,2026-03-28 01:44
FL2013,BlueHorizon Airways,Airbus A320,International,On-Time,Capt. Ramon Diaz,7.81,10303.7,513.97,90,0,2026-04-05 00:00,2026-04-05 07:48
FL2014,SkyLink Air,ATR 72,Domestic,On-Time,Capt. Ramon Santos,11.96,4272.2,1037.34,30,0,2026-04-11 00:00,2026-04-11 11:57
FL2015,AeroNova,Boeing 777,Domestic,On-Time,Capt. Ramon Diaz,13.22,195.8,1321.86,64,0,2026-04-10 00:00,2026-04-10 13:13
FL2016,AeroNova,Airbus A320,Domestic,On-Time,Capt. Jose Bautista,13.7,11438.6,1245.51,51,0,2026-03-26 00:00,2026-03-26 13:42
FL2017,BlueHorizon Airways,Boeing 737,International,Delayed,Capt. Grace Santos,3.21,3641.7,931.13,294,111,2026-04-11 00:00,2026-04-11 03:12
FL2018,PacificWing Airlines,Airbus A330,International,Cancelled,Capt. Maria Ramos,5.62,6556.1,464.51,150,0,2026-04-12 00:00,2026-04-12 05:37
FL2019,IslandJet,Airbus A330,Domestic,On-Time,Capt. Maria Diaz,7.26,3032.2,1582.38,284,0,2026-04-06 00:00,2026-04-06 07:15
FL2020,AeroNova,Boeing 777,Domestic,On-Time,Capt. Jose Bautista,4.16,5878.3,436.05,289,0,2026-03-16 00:00,2026-03-16 04:09
FL2021,PacificWing Airlines,ATR 72,Domestic,On-Time,Capt. Jose Bautista,11.04,7127.1,1275.97,67,0,2026-04-05 00:00,2026-04-05 11:02
FL2022,PacificWing Airlines,Airbus A320,International,On-Time,Capt. Ramon Santos,7.98,11677.8,844.75,274,0,2026-04-02 00:00,2026-04-02 07:58
FL2023,AeroNova,Boeing 737,International,On-Time,Capt. Paolo Garcia,8.3,9514.8,302.26,94,0,2026-04-04 00:00,2026-04-04 08:18
FL2024,IslandJet,Airbus A330,Domestic,Cancelled,Capt. Maria Ramos,3.01,8364.1,1104.35,177,0,2026-03-27 00:00,2026-03-27 03:00
FL2025,IslandJet,Boeing 737,International,Delayed,Capt. Jose Cruz,4.02,3335.6,167.61,184,90,2026-03-25 00:00,2026-03-25 04:01
FL2026,SkyLink Air,Airbus A330,Domestic,On-Time,Capt. Ramon Ramos,1.95,8482.7,1004.98,97,0,2026-04-02 00:00,2026-04-02 01:57
FL2027,TransIsle Air,Airbus A320,International,On-Time,Capt. Ramon Diaz,8.35,2482.9,470.11,286,0,2026-04-05 00:00,2026-04-05 08:21
FL2028,TransIsle Air,Airbus A320,Domestic,On-Time,Capt. Carlos Torres,10.51,8994.1,859.5,199,0,2026-04-10 00:00,2026-04-10 10:30
FL2029,SkyLink Air,Boeing 777,Domestic,On-Time,Capt. Maria Ramos,2.99,663.5,503.6,324,0,2026-03-24 00:00,2026-03-24 02:59
FL2030,SkyLink Air,Boeing 777,International,On-Time,Capt. Ella Cruz,7.82,11388.6,524.76,369,0,2026-03-17 00:00,2026-03-17 07:49
FL2031,SkyLink Air,Airbus A320,Domestic,Delayed,Capt. Jose Bautista,4.95,2749.2,1284.26,127,21,2026-03-29 00:00,2026-03-29 04:57
FL2032,AeroNova,Airbus A320,Domestic,Delayed,Capt. Carlos Torres,7.73,7922.2,1070.06,158,163,2026-03-29 00:00,2026-03-29 07:43
FL2033,SkyLink Air,Boeing 737,Domestic,On-Time,Capt. Anna Flores,13.44,11350.2,1208.02,200,0,2026-03-20 00:00,2026-03-20 13:26
FL2034,TransIsle Air,ATR 72,Domestic,On-Time,Capt. Maria Diaz,3.03,11819.4,292.43,150,0,2026-04-13 00:00,2026-04-13 03:01
FL2035,IslandJet,ATR 72,International,Delayed,Capt. Ramon Santos,12.29,11167.7,796.43,38,107,2026-04-05 00:00,2026-04-05 12:17
FL2036,TransIsle Air,Airbus A330,International,Delayed,Capt. Grace Santos,5.82,2342.0,817.86,89,161,2026-04-01 00:00,2026-04-01 05:49
FL2037,SkyLink Air,Airbus A320,Domestic,On-Time,Capt. Ella Castillo,9.85,2172.1,1138.12,38,0,2026-03-21 00:00,2026-03-21 09:51
FL2038,SkyLink Air,Boeing 737,Domestic,On-Time,Capt. Maria Flores,3.4,4448.1,1252.24,80,0,2026-03-24 00:00,2026-03-24 03:24
FL2039,BlueHorizon Airways,Boeing 777,Domestic,On-Time,Capt. Ella Reyes,8.56,3550.5,1632.09,368,0,2026-03-21 00:00,2026-03-21 08:33
FL2040,SkyLink Air,Boeing 777,International,Delayed,Capt. Nina Garcia,8.79,4415.9,494.9,170,22,2026-04-04 00:00,2026-04-04 08:47
FL2041,PacificWing Airlines,Boeing 737,International,On-Time,Capt. Carlos Torres,13.2,2055.1,1473.8,275,0,2026-03-18 00:00,2026-03-18 13:12
FL2042,BlueHorizon Airways,Boeing 737,Domestic,On-Time,Capt. Ella Cruz,11.95,1927.8,966.29,277,0,2026-04-05 00:00,2026-04-05 11:57
FL2043,TransIsle Air,Airbus A330,International,Delayed,Capt. Ella Reyes,11.03,5411.6,744.1,72,198,2026-03-15 00:00,2026-03-15 11:01
FL2044,BlueHorizon Airways,Boeing 777,Domestic,Cancelled,Capt. Nina Garcia,13.01,11373.6,1214.06,360,0,2026-04-11 00:00,2026-04-11 13:00
FL2045,PacificWing Airlines,Airbus A320,Domestic,Delayed,Capt. Ramon Santos,8.08,4168.4,282.5,39,165,2026-03-29 00:00,2026-03-29 08:04
FL2046,AeroNova,ATR 72,Domestic,Delayed,Capt. Ella Castillo,3.64,3445.0,90.59,308,109,2026-03-30 00:00,2026-03-30 03:38
FL2047,PacificWing Airlines,ATR 72,International,On-Time,Capt. Maria Diaz,9.98,11596.2,1308.09,231,0,2026-04-08 00:00,2026-04-08 09:58
FL2048,IslandJet,Airbus A330,International,On-Time,Capt. Anna Diaz,5.38,8562.0,625.94,227,0,2026-03-17 00:00,2026-03-17 05:22
FL2049,PacificWing Airlines,ATR 72,Domestic,On-Time,Capt. Nina Ramos,3.14,5922.2,724.21,108,0,2026-04-03 00:00,2026-04-03 03:08
FL2050,IslandJet,Airbus A320,Domestic,On-Time,Capt. Ella Castillo,13.49,6840.9,605.42,184,0,2026-04-11 00:00,2026-04-11 13:29
FL2051,SkyLink Air,Airbus A330,Domestic,On-Time,Capt. Victor Santos,12.19,2168.5,765.64,321,0,2026-03-15 00:00,2026-03-15 12:11
FL2052,IslandJet,Boeing 737,International,Delayed,Capt. Anna Diaz,6.68,6662.9,1259.78,372,204,2026-04-02 00:00,2026-04-02 06:40
FL2053,IslandJet,Boeing 777,International,Delayed,Capt. Anna Garcia,10.64,6989.1,579.62,231,103,2026-04-11 00:00,2026-04-11 10:38
FL2054,IslandJet,Airbus A320,Domestic,On-Time,Capt. Anna Diaz,12.41,9107.9,1693.58,154,0,2026-04-11 00:00,2026-04-11 12:24
FL2055,TransIsle Air,Airbus A320,International,On-Time,Capt. Anna Garcia,2.22,6473.3,443.54,172,0,2026-03-19 00:00,2026-03-19 02:13
FL2056,AeroNova,Boeing 777,Domestic,On-Time,Capt. Anna Garcia,13.79,11744.7,1780.81,237,0,2026-04-04 00:00,2026-03-26 13:47
FL2057,BlueHorizon Airways,Airbus A330,Domestic,On-Time,Capt. Ramon Santos,8.81,11284.0,348.59,314,0,2026-03-21 00:00,2026-03-21 08:48
FL2058,AeroNova,Boeing 777,Domestic,On-Time,Capt. Ella Cruz,1.88,11884.2,123.28,24,0,2026-04-01 00:00,2026-04-01 01:52
FL2059,AeroNova,Airbus A330,International,On-Time,Capt. Jose Bautista,1.55,2279.2,1358.99,91,0,2026-04-10 00:00,2026-04-10 01:33
FL2060,IslandJet,Boeing 777,International,On-Time,Capt. Ramon Diaz,9.94,7270.2,1101.85,220,0,2026-03-16 00:00,2026-03-16 09:56
FL2061,IslandJet,ATR 72,International,Delayed,Capt. Maria Torres,4.01,7051.1,630.05,105,52,2026-03-24 00:00,2026-03-24 04:00
FL2062,TransIsle Air,Airbus A330,Domestic,Delayed,Capt. Ella Garcia,10.29,11339.3,670.08,90,204,2026-03-27 00:00,2026-03-27 10:17
FL2063,AeroNova,ATR 72,Domestic,On-Time,Capt. Nina Ramos,9.93,10848.5,1449.5,88,0,2026-03-27 00:00,2026-03-27 09:55
FL2064,PacificWing Airlines,Airbus A330,Domestic,On-Time,Capt. Nina Ramos,3.99,3983.0,540.96,297,0,2026-04-09 00:00,2026-04-09 03:59
FL2065,PacificWing Airlines,Boeing 777,Domestic,On-Time,Capt. Paolo Garcia,4.33,3180.2,407.27,69,0,2026-03-24 00:00,2026-03-24 04:19
FL2066,PacificWing Airlines,Airbus A330,Domestic,On-Time,Capt. Ramon Santos,1.75,7543.4,1753.73,338,0,2026-04-09 00:00,2026-04-09 01:45
FL2067,TransIsle Air,Boeing 737,Domestic,On-Time,Capt. Anna Flores,3.4,6703.0,453.06,130,0,2026-03-22 00:00,2026-03-22 03:24
FL2068,IslandJet,Boeing 777,Domestic,Delayed,Capt. Carlos Torres,5.65,4805.4,1738.01,92,32,2026-03-21 00:00,2026-03-21 05:39
FL2069,IslandJet,Airbus A320,International,On-Time,Capt. Grace Santos,8.5,7562.2,1048.28,289,0,2026-04-05 00:00,2026-04-05 08:30
FL2070,TransIsle Air,Boeing 777,Domestic,On-Time,Capt. Anna Diaz,5.79,4879.3,1674.7,32,0,2026-03-31 00:00,2026-03-31 05:47
FL2071,AeroNova,Airbus A330,International,On-Time,Capt. Jose Bautista,6.08,10223.1,245.02,246,0,2026-04-14 00:00,2026-04-14 06:04
FL2072,IslandJet,Boeing 777,Domestic,On-Time,Capt. Ramon Ramos,12.7,2552.0,83.57,181,0,2026-04-12 00:00,2026-04-12 12:42
FL2073,TransIsle Air,ATR 72,Domestic,On-Time,Capt. Jose Cruz,4.0,4863.5,633.01,323,0,2026-03-19 00:00,2026-03-19 04:00
FL2074,SkyLink Air,ATR 72,International,On-Time,Capt. Nina Garcia,13.47,2959.7,155.43,238,0,2026-04-03 00:00,2026-04-03 13:28
FL2075,TransIsle Air,Boeing 777,Domestic,On-Time,Capt. Jose Bautista,8.25,9435.9,620.58,58,0,2026-04-06 00:00,2026-04-06 08:15
FL2076,IslandJet,Boeing 777,Domestic,On-Time,Capt. Anna Garcia,4.12,7918.3,450.16,361,0,2026-04-12 00:00,2026-04-12 04:07
FL2077,PacificWing Airlines,ATR 72,Domestic,On-Time,Capt. Carlos Torres,12.97,11115.9,957.69,226,0,2026-03-31 00:00,2026-03-31 12:58
FL2078,SkyLink Air,ATR 72,Domestic,Delayed,Capt. Ramon Diaz,5.53,11334.8,339.36,151,173,2026-04-04 00:00,2026-04-04 05:31
FL2079,SkyLink Air,Airbus A320,Domestic,On-Time,Capt. Ella Cruz,1.49,1789.9,1327.08,238,0,2026-03-29 00:00,2026-03-29 01:29
FL2080,BlueHorizon Airways,Boeing 777,Domestic,On-Time,Capt. Victor Flores,9.79,6873.7,688.58,293,0,2026-04-09 00:00,2026-04-09 09:47
FL2081,TransIsle Air,Boeing 777,International,Delayed,Capt. Paolo Garcia,11.67,2456.1,1328.28,356,33,2026-03-16 00:00,2026-03-16 11:40
FL2082,AeroNova,Boeing 737,International,On-Time,Capt. Maria Flores,7.08,3312.9,696.93,325,0,2026-04-09 00:00,2026-04-09 07:04
FL2083,PacificWing Airlines,Airbus A330,Domestic,Delayed,Capt. Ramon Ramos,10.59,4811.1,929.84,228,192,2026-03-28 00:00,2026-03-28 10:35
FL2084,AeroNova,ATR 72,Domestic,On-Time,Capt. Paolo Ramos,2.76,8952.9,1710.72,109,0,2026-03-18 00:00,2026-03-18 02:45
FL2085,AeroNova,Boeing 777,International,On-Time,Capt. Nina Ramos,0.62,3440.9,49.23,58,0,2026-03-18 00:00,2026-03-18 00:37
FL2086,TransIsle Air,Boeing 737,Domestic,On-Time,Capt. Carlos Reyes,10.01,1565.3,1259.02,290,0,2026-03-25 00:00,2026-03-25 10:00
FL2087,IslandJet,ATR 72,Domestic,Cancelled,Capt. Carlos Torres,5.5,518.4,586.07,375,0,2026-03-27 00:00,2026-03-27 05:30
FL2088,TransIsle Air,Boeing 777,Domestic,Delayed,Capt. Jose Cruz,7.89,583.0,1000.01,355,35,2026-03-21 00:00,2026-03-21 07:53
FL2089,PacificWing Airlines,ATR 72,Domestic,Delayed,Capt. Maria Ramos,13.17,9646.1,879.77,127,185,2026-03-16 00:00,2026-03-16 13:10
FL2090,IslandJet,Airbus A330,Domestic,On-Time,Capt. Ramon Diaz,9.14,9962.3,237.22,266,0,2026-03-20 00:00,2026-03-20 09:08
FL2091,AeroNova,Boeing 737,International,On-Time,Capt. Ella Castillo,10.4,4354.3,1505.13,95,0,2026-03-17 00:00,2026-03-17 10:24
FL2092,PacificWing Airlines,Airbus A320,Domestic,On-Time,Capt. Paolo Ramos,8.96,10609.3,1462.32,345,0,2026-03-30 00:00,2026-03-30 08:57
FL2093,SkyLink Air,Boeing 777,Domestic,Delayed,Capt. Nina Ramos,7.59,2054.1,346.5,342,59,2026-04-06 00:00,2026-04-06 07:35
FL2094,TransIsle Air,Boeing 737,International,On-Time,Capt. Ramon Santos,7.04,1567.6,1373.45,216,0,2026-04-05 00:00,2026-04-05 07:02
FL2095,AeroNova,Airbus A330,Domestic,On-Time,Capt. Ella Garcia,2.08,7682.8,1056.67,165,0,2026-03-25 00:00,2026-03-25 02:04
FL2096,IslandJet,Boeing 737,Domestic,On-Time,Capt. Nina Ramos,11.79,6861.3,235.11,322,0,2026-03-21 00:00,2026-03-21 11:47
FL2097,SkyLink Air,ATR 72,Domestic,On-Time,Capt. Ella Castillo,2.82,6856.4,1219.23,174,0,2026-03-24 00:00,2026-03-24 02:49
FL2098,AeroNova,Airbus A320,Domestic,Delayed,Capt. Victor Flores,6.54,9117.5,1769.54,217,112,2026-03-18 00:00,2026-03-18 06:32
FL2099,IslandJet,Boeing 777,International,On-Time,Capt. Ella Castillo,7.3,11199.1,1493.42,127,0,2026-04-11 00:00,2026-04-11 07:18
FL2100,IslandJet,ATR 72,Domestic,Delayed,Capt. Maria Ramos,10.12,7698.2,561.64,127,168,2026-03-20 00:00,2026-03-20 10:07
FL2101,TransIsle Air,Airbus A320,Domestic,Delayed,Capt. Anna Flores,11.67,3469.6,1524.18,209,223,2026-03-17 00:00,2026-03-17 11:40
FL2102,PacificWing Airlines,Airbus A330,International,On-Time,Capt. Ella Castillo,13.55,11574.5,1084.66,104,0,2026-04-04 00:00,2026-04-04 13:33
FL2103,AeroNova,Boeing 777,International,Delayed,Capt. Victor Flores,0.84,5132.4,1446.56,302,16,2026-03-20 00:00,2026-03-20 00:50
FL2104,IslandJet,Boeing 737,Domestic,Delayed,Capt. Ramon Ramos,2.82,10385.1,83.71,168,225,2026-03-27 00:00,2026-03-27 02:49
FL2105,AeroNova,Boeing 737,International,On-Time,Capt. Jose Bautista,9.68,1227.6,313.42,116,0,2026-03-18 00:00,2026-03-18 09:40
FL2106,PacificWing Airlines,ATR 72,International,On-Time,Capt. Ramon Santos,3.17,6684.5,1658.25,256,0,2026-04-14 00:00,2026-04-14 03:10
FL2107,PacificWing Airlines,Boeing 777,Domestic,Delayed,Capt. Anna Garcia,9.39,6112.1,961.95,160,162,2026-03-29 00:00,2026-03-29 09:23
FL2108,IslandJet,Airbus A330,Domestic,Delayed,Capt. Maria Diaz,6.55,2896.1,1437.74,121,96,2026-04-07 00:00,2026-04-07 06:33
FL2109,SkyLink Air,Airbus A320,Domestic,Delayed,Capt. Ella Castillo,4.28,6675.2,1402.76,317,116,2026-03-29 00:00,2026-03-29 04:16
FL2110,TransIsle Air,Boeing 737,International,On-Time,Capt. Jose Bautista,13.22,2603.3,1680.14,343,0,2026-04-05 00:00,2026-04-05 13:13
FL2111,BlueHorizon Airways,Airbus A330,Domestic,On-Time,Capt. Maria Torres,12.48,6746.4,55.69,349,0,2026-03-27 00:00,2026-03-27 12:28
FL2112,SkyLink Air,ATR 72,International,On-Time,Capt. Paolo Garcia,11.0,3460.5,1044.15,236,0,2026-04-12 00:00,2026-04-12 11:00
FL2113,PacificWing Airlines,Boeing 737,Domestic,Delayed,Capt. Ramon Santos,13.28,11526.3,736.52,23,89,2026-03-22 00:00,2026-03-22 13:16
FL2114,TransIsle Air,Airbus A330,Domestic,On-Time,Capt. Ramon Ramos,13.04,4483.3,1743.2,242,0,2026-04-01 00:00,2026-04-01 13:02
FL2115,SkyLink Air,ATR 72,International,Delayed,Capt. Ella Reyes,2.34,3286.9,1171.8,289,108,2026-03-30 00:00,2026-03-30 02:20
FL2116,SkyLink Air,Boeing 777,Domestic,Delayed,Capt. Jose Bautista,3.16,11394.7,241.89,60,66,2026-03-28 00:00,2026-03-28 03:09
FL2117,PacificWing Airlines,Boeing 737,Domestic,Delayed,Capt. Jose Cruz,2.97,4201.6,930.06,329,228,2026-03-19 00:00,2026-03-19 02:58
FL2118,BlueHorizon Airways,Boeing 737,Domestic,Delayed,Capt. Paolo Garcia,7.94,9620.1,1291.39,99,181,2026-04-07 00:00,2026-04-07 07:56
FL2119,TransIsle Air,Boeing 777,Domestic,On-Time,Capt. Carlos Torres,2.47,3760.8,472.93,334,0,2026-04-08 00:00,2026-04-08 02:28
FL2120,TransIsle Air,Airbus A330,International,On-Time,Capt. Anna Flores,3.83,5544.5,1263.51,90,0,2026-04-13 00:00,2026-04-13 03:49
FL2121,IslandJet,Airbus A330,International,Delayed,Capt. Paolo Reyes,8.98,6366.2,84.62,248,228,2026-04-08 00:00,2026-04-08 08:58
FL2122,AeroNova,Airbus A330,Domestic,On-Time,Capt. Jose Cruz,8.89,172.2,1533.98,212,0,2026-03-23 00:00,2026-03-23 08:53
FL2123,AeroNova,Airbus A330,Domestic,On-Time,Capt. Ella Bautista,2.39,6366.1,121.38,158,0,2026-04-02 00:00,2026-04-02 02:23
FL2124,PacificWing Airlines,Boeing 777,International,On-Time,Capt. Nina Garcia,6.66,5208.9,765.42,253,0,2026-04-11 00:00,2026-04-11 06:39
FL2125,BlueHorizon Airways,Boeing 737,International,On-Time,Capt. Maria Flores,1.18,5114.4,435.25,32,0,2026-04-10 00:00,2026-04-10 01:10
FL2126,PacificWing Airlines,Airbus A320,International,On-Time,Capt. Maria Ramos,4.01,977.2,246.9,251,0,2026-04-07 00:00,2026-04-07 04:00
FL2127,BlueHorizon Airways,ATR 72,Domestic,Delayed,Capt. Maria Diaz,8.21,11242.7,1099.84,66,18,2026-04-13 00:00,2026-04-13 08:12
FL2128,IslandJet,Airbus A320,Domestic,On-Time,Capt. Paolo Garcia,9.67,5022.0,1562.49,346,0,2026-04-04 00:00,2026-03-21 09:40
FL2129,BlueHorizon Airways,ATR 72,Domestic,On-Time,Capt. Victor Flores,7.48,5823.2,501.86,287,0,2026-03-22 00:00,2026-03-22 07:28
FL2130,SkyLink Air,Boeing 737,International,On-Time,Capt. Victor Santos,7.75,3934.8,609.09,40,0,2026-03-27 00:00,2026-03-27 07:45
FL2131,AeroNova,Airbus A330,Domestic,On-Time,Capt. Ramon Ramos,9.74,3969.5,1710.1,331,0,2026-04-14 00:00,2026-04-14 09:44
FL2132,PacificWing Airlines,Boeing 737,Domestic,On-Time,Capt. Victor Flores,2.12,6831.4,792.02,196,0,2026-04-14 00:00,2026-04-14 02:07
FL2133,PacificWing Airlines,Boeing 737,Domestic,Cancelled,Capt. Carlos Torres,4.26,7930.1,846.82,197,0,2026-03-24 00:00,2026-03-24 04:15
FL2134,SkyLink Air,Airbus A320,International,Delayed,Capt. Anna Flores,8.56,2310.1,268.47,189,34,2026-04-05 00:00,2026-04-05 08:33
FL2135,IslandJet,Boeing 777,International,On-Time,Capt. Victor Santos,11.0,7357.4,1408.42,68,0,2026-04-06 00:00,2026-04-06 11:00
FL2136,TransIsle Air,Airbus A330,Domestic,On-Time,Capt. Jose Bautista,3.82,528.4,1493.25,302,0,2026-03-24 00:00,2026-03-24 03:49
FL2137,IslandJet,Airbus A320,International,On-Time,Capt. Ella Castillo,4.91,1924.2,674.18,196,0,2026-03-30 00:00,2026-03-30 04:54
FL2138,SkyLink Air,Boeing 737,Domestic,On-Time,Capt. Ramon Santos,2.02,4222.5,883.77,70,0,2026-03-31 00:00,2026-03-31 02:01
FL2139,BlueHorizon Airways,Airbus A320,Domestic,On-Time,Capt. Paolo Garcia,2.24,1705.4,1426.15,278,0,2026-03-28 00:00,2026-03-28 02:14
FL2140,IslandJet,Boeing 737,Domestic,On-Time,Capt. Victor Santos,0.55,6446.4,114.55,185,0,2026-03-17 00:00,2026-03-17 00:33
FL2141,IslandJet,Boeing 777,International,Delayed,Capt. Ella Bautista,7.15,11884.4,675.42,59,80,2026-04-08 00:00,2026-04-08 07:09
FL2142,SkyLink Air,Airbus A330,Domestic,On-Time,Capt. Carlos Reyes,5.4,9193.8,525.91,192,0,2026-03-18 00:00,2026-03-18 05:24
FL2143,IslandJet,Boeing 777,Domestic,Delayed,Capt. Paolo Ramos,5.02,2166.4,1316.45,257,135,2026-04-07 00:00,2026-04-07 05:01
FL2144,BlueHorizon Airways,Boeing 777,International,On-Time,Capt. Ella Garcia,5.92,6612.7,1313.33,183,0,2026-04-10 00:00,2026-04-10 05:55
FL2145,SkyLink Air,ATR 72,Domestic,Delayed,Capt. Anna Diaz,11.15,2118.1,733.9,98,88,2026-03-27 00:00,2026-03-27 11:09
FL2146,IslandJet,Boeing 737,International,On-Time,Capt. Nina Garcia,8.54,5144.3,1445.36,163,0,2026-03-20 00:00,2026-03-20 08:32
FL2147,TransIsle Air,ATR 72,International,On-Time,Capt. Grace Santos,8.13,8198.9,1365.58,49,0,2026-04-12 00:00,2026-04-12 08:07
FL2148,SkyLink Air,Boeing 777,International,On-Time,Capt. Anna Garcia,2.92,7212.1,320.71,105,0,2026-04-04 00:00,2026-04-04 02:55
FL2149,SkyLink Air,Boeing 737,Domestic,Delayed,Capt. Grace Santos,3.9,4041.9,1482.05,257,230,2026-04-01 00:00,2026-04-01 03:54
FL2150,TransIsle Air,Airbus A330,Domestic,Delayed,Capt. Carlos Reyes,12.04,7172.6,882.88,230,178,2026-04-08 00:00,2026-04-08 12:02
FL2151,SkyLink Air,Airbus A320,Domestic,On-Time,Capt. Paolo Ramos,2.33,2668.1,1417.29,66,0,2026-04-02 00:00,2026-04-02 02:19
FL2152,PacificWing Airlines,ATR 72,International,Delayed,Capt. Maria Flores,0.82,11907.8,1074.14,316,138,2026-03-21 00:00,2026-03-21 00:49
FL2153,TransIsle Air,Airbus A330,International,On-Time,Capt. Ella Garcia,13.31,9343.2,1617.97,40,0,2026-03-15 00:00,2026-03-15 13:18
FL2154,IslandJet,Boeing 777,International,On-Time,Capt. Ella Castillo,5.9,8697.9,1724.35,335,0,2026-03-26 00:00,2026-03-26 05:54
FL2155,PacificWing Airlines,Boeing 777,Domestic,On-Time,Capt. Ella Castillo,13.33,6880.8,729.64,145,0,2026-03-30 00:00,2026-03-30 13:19
FL2156,PacificWing Airlines,Airbus A330,Domestic,Delayed,Capt. Maria Ramos,9.25,1778.1,303.62,342,226,2026-03-17 00:00,2026-03-17 09:15
FL2157,IslandJet,ATR 72,Domestic,On-Time,Capt. Carlos Reyes,11.01,11721.8,731.13,307,0,2026-04-02 00:00,2026-04-02 11:00
FL2158,SkyLink Air,Boeing 737,Domestic,On-Time,Capt. Ramon Santos,2.33,10602.9,1724.09,367,0,2026-03-20 00:00,2026-03-20 02:19
FL2159,IslandJet,Boeing 737,International,On-Time,Capt. Paolo Reyes,3.29,950.5,875.08,234,0,2026-03-22 00:00,2026-03-22 03:17
FL2160,SkyLink Air,Airbus A330,Domestic,On-Time,Capt. Victor Flores,5.98,10515.8,73.56,34,0,2026-03-27 00:00,2026-03-27 05:58
FL2161,TransIsle Air,ATR 72,International,On-Time,Capt. Paolo Garcia,0.81,5965.8,1311.94,81,0,2026-04-07 00:00,2026-04-07 00:48
FL2162,TransIsle Air,Airbus A320,Domestic,On-Time,Capt. Ella Bautista,9.06,716.2,1095.39,318,0,2026-03-23 00:00,2026-03-23 09:03
FL2163,IslandJet,Boeing 777,Domestic,Delayed,Capt. Carlos Reyes,0.99,4814.1,255.16,224,33,2026-04-08 00:00,2026-04-08 00:59
FL2164,TransIsle Air,Airbus A320,Domestic,On-Time,Capt. Nina Ramos,4.59,9439.1,649.56,344,0,2026-03-22 00:00,2026-03-22 04:35
FL2165,TransIsle Air,Airbus A320,Domestic,On-Time,Capt. Jose Bautista,3.73,2930.3,691.78,116,0,2026-03-25 00:00,2026-03-25 03:43
FL2166,IslandJet,Airbus A330,Domestic,On-Time,Capt. Paolo Ramos,8.88,2750.6,1567.51,212,0,2026-03-30 00:00,2026-03-30 08:52
FL2167,PacificWing Airlines,Airbus A320,Domestic,Delayed,Capt. Maria Ramos,6.04,5717.1,1359.02,178,183,2026-04-11 00:00,2026-04-11 06:02
FL2168,TransIsle Air,ATR 72,Domestic,On-Time,Capt. Paolo Garcia,5.63,1825.0,1732.5,245,0,2026-04-06 00:00,2026-04-06 05:37
FL2169,TransIsle Air,Airbus A320,Domestic,On-Time,Capt. Jose Cruz,13.44,1789.2,250.66,356,0,2026-04-01 00:00,2026-04-09 13:26
FL2170,AeroNova,Boeing 777,Domestic,Delayed,Capt. Carlos Torres,10.83,5466.3,322.1,280,30,2026-04-02 00:00,2026-03-24 10:49
FL2171,PacificWing Airlines,Airbus A320,Domestic,On-Time,Capt. Maria Flores,7.27,4560.0,1226.41,297,0,2026-03-22 00:00,2026-03-22 07:16
FL2172,AeroNova,Boeing 737,Domestic,On-Time,Capt. Ramon Diaz,0.53,6755.0,691.99,274,0,2026-04-04 00:00,2026-04-04 00:31
FL2173,PacificWing Airlines,Boeing 777,Domestic,On-Time,Capt. Carlos Torres,7.32,10411.7,729.77,367,0,2026-03-19 00:00,2026-03-19 07:19
FL2174,IslandJet,Airbus A320,Domestic,On-Time,Capt. Victor Santos,1.26,8644.9,1142.07,350,0,2026-04-09 00:00,2026-04-09 01:15
FL2175,BlueHorizon Airways,ATR 72,Domestic,On-Time,Capt. Nina Garcia,8.19,9020.7,538.12,346,0,2026-04-04 00:00,2026-04-08 08:11
FL2176,SkyLink Air,ATR 72,Domestic,On-Time,Capt. Nina Garcia,0.93,4480.4,796.48,70,0,2026-04-14 00:00,2026-04-14 00:55
FL2177,TransIsle Air,Airbus A320,Domestic,On-Time,Capt. Maria Flores,11.79,10502.9,476.83,33,0,2026-04-09 00:00,2026-04-09 11:47
FL2178,IslandJet,Boeing 777,Domestic,On-Time,Capt. Ella Garcia,0.9,8397.7,101.57,217,0,2026-03-30 00:00,2026-03-30 00:54
FL2179,SkyLink Air,Boeing 737,International,Delayed,Capt. Maria Diaz,9.74,7860.0,732.83,324,115,2026-04-05 00:00,2026-04-05 09:44
FL2180,IslandJet,Boeing 737,International,On-Time,Capt. Maria Flores,11.52,5903.2,1313.57,92,0,2026-04-03 00:00,2026-04-03 11:31
FL2181,SkyLink Air,Boeing 777,Domestic,Delayed,Capt. Grace Santos,10.77,11023.7,743.97,53,224,2026-03-31 00:00,2026-03-31 10:46
FL2182,BlueHorizon Airways,ATR 72,Domestic,On-Time,Capt. Ella Garcia,6.74,676.2,239.69,149,0,2026-04-11 00:00,2026-04-11 06:44
FL2183,SkyLink Air,Airbus A320,Domestic,On-Time,Capt. Jose Cruz,5.43,3288.0,762.24,182,0,2026-03-21 00:00,2026-03-21 05:25
FL2184,AeroNova,Airbus A330,International,On-Time,Capt. Ella Bautista,5.81,10059.2,1674.05,303,0,2026-04-14 00:00,2026-04-14 05:48
FL2185,BlueHorizon Airways,Airbus A330,International,On-Time,Capt. Nina Garcia,13.93,11012.9,884.19,85,0,2026-03-31 00:00,2026-03-31 13:55
FL2186,PacificWing Airlines,Boeing 737,Domestic,On-Time,Capt. Paolo Ramos,3.13,4262.8,424.5,263,0,2026-04-08 00:00,2026-04-08 03:07
FL2187,PacificWing Airlines,Airbus A320,Domestic,On-Time,Capt. Carlos Reyes,9.46,9849.4,1252.7,289,0,2026-03-17 00:00,2026-03-17 09:27
FL2188,BlueHorizon Airways,Boeing 737,Domestic,On-Time,Capt. Carlos Torres,5.03,441.1,208.35,94,0,2026-03-15 00:00,2026-03-15 05:01
FL2189,PacificWing Airlines,Boeing 777,International,On-Time,Capt. Nina Ramos,11.57,6566.9,275.81,362,0,2026-03-31 00:00,2026-03-31 11:34
FL2190,IslandJet,Airbus A330,Domestic,On-Time,Capt. Victor Santos,3.5,11645.9,596.41,220,0,2026-03-21 00:00,2026-03-21 03:30
FL2191,BlueHorizon Airways,Boeing 777,International,Delayed,Capt. Anna Flores,6.98,5471.8,1468.61,92,132,2026-04-14 00:00,2026-04-14 06:58
FL2192,AeroNova,Boeing 777,Domestic,On-Time,Capt. Ella Bautista,13.79,5288.9,1529.08,73,0,2026-04-12 00:00,2026-04-12 13:47
FL2193,IslandJet,ATR 72,Domestic,On-Time,Capt. Anna Diaz,8.16,10485.2,657.04,365,0,2026-03-19 00:00,2026-03-19 08:09
FL2194,TransIsle Air,Boeing 737,Domestic,On-Time,Capt. Paolo Garcia,13.44,7847.4,209.34,35,0,2026-03-19 00:00,2026-03-19 13:26
FL2195,SkyLink Air,Airbus A320,International,On-Time,Capt. Grace Santos,6.17,7559.2,599.0,198,0,2026-04-06 00:00,2026-04-06 06:10
FL2196,IslandJet,Boeing 737,International,Delayed,Capt. Ramon Santos,6.38,8659.5,463.46,37,47,2026-04-02 00:00,2026-04-13 06:22
FL2197,AeroNova,Airbus A320,Domestic,On-Time,Capt. Anna Flores,5.46,6337.0,1751.48,282,0,2026-03-23 00:00,2026-03-23 05:27
FL2198,SkyLink Air,Airbus A320,Domestic,On-Time,Capt. Victor Santos,12.84,4005.6,1564.53,166,0,2026-03-29 00:00,2026-03-29 12:50
FL2199,IslandJet,Boeing 737,Domestic,On-Time,Capt. Paolo Reyes,8.31,1626.6,330.25,279,0,2026-03-15 00:00,2026-03-15 08:18
